,사고번호,사고일시,요일,시군구,사고내용,사망자수,중상자수,경상자수,부상신고자수,사고유형,법규위반,노면상태,기상상태,도로형태,가해운전자 차종,가해운전자 성별,가해운전자 연령,가해운전자 상해정도,피해운전자 차종,피해운전자 성별,피해운전자 연령,피해운전자 상해정도
6234,2020060900100124,2020년 6월 9일 08시,화요일,경상남도 밀양시 삼문동,중상사고,0,1,0,0,차대사람 - 기타,안전운전불이행,포장 - 건조,맑음,단일로 - 기타,승용,여,38세,상해없음,보행자,남,8세,중상
6235,2020060900100207,2020년 6월 9일 10시,화요일,경상남도 사천시 동금동,경상사고,0,0,1,0,차대사람 - 기타,안전운전불이행,포장 - 건조,맑음,교차로 - 교차로안,승용,여,62세,상해없음,보행자,여,54세,경상
6236,2020060900100358,2020년 6월 9일 14시,화요일,경상남도 창원시 마산합포구 중성동,경상사고,0,0,1,0,차대사람 - 차도통행중,안전운전불이행,포장 - 건조,맑음,단일로 - 기타,이륜,남,53세,상해없음,보행자,남,25세,경상
6237,2020060900100554,2020년 6월 9일 18시,화요일,경상남도 통영시 봉평동,중상사고,0,1,0,0,차대사람 - 횡단중,안전운전불이행,포장 - 건조,맑음,기타 - 기타,승용,남,56세,상해없음,보행자,남,24세,중상
6238,2020060900100556,2020년 6월 9일 18시,화요일,경상남도 양산시 물금읍,중상사고,0,1,0,0,차대사람 - 횡단중,안전운전불이행,포장 - 건조,맑음,단일로 - 기타,승용,남,31세,상해없음,보행자,여,53세,중상
6239,2020060900100691,2020년 6월 9일 22시,화요일,경상남도 창원시 마산합포구 진전면,경상사고,0,0,1,0,차대사람 - 기타,안전운전불이행,포장 - 건조,맑음,단일로 - 기타,기타불명,기타불명,미분류,기타불명,보행자,남,63세,경상
6240,2020061000100084,2020년 6월 10일 07시,수요일,경상남도 창원시 성산구 상남동,경상사고,0,0,1,0,차대사람 - 기타,안전운전불이행,포장 - 건조,맑음,단일로 - 기타,승용,남,23세,상해없음,보행자,여,39세,경상
6241,2020061000100166,2020년 6월 10일 09시,수요일,경상남도 거제시 연초면,중상사고,0,1,0,0,차대사람 - 기타,안전운전불이행,포장 - 건조,맑음,기타 - 기타,승용,남,44세,상해없음,보행자,여,82세,중상
6242,2020061000100298,2020년 6월 10일 13시,수요일,경상남도 창원시 성산구 남양동,중상사고,0,1,0,0,차대사람 - 기타,안전운전불이행,포장 - 건조,맑음,단일로 - 기타,승용,여,62세,상해없음,보행자,여,9세,중상
6243,2020061000100730,2020년 6월 10일 22시,수요일,경상남도 김해시 어방동,사망사고,1,0,0,0,차대사람 - 횡단중,과속,포장 - 건조,맑음,교차로 - 교차로안,승용,남,64세,상해없음,보행자,남,49세,사망
6244,2020061100100015,2020년 6월 11일 00시,목요일,경상남도 진주시 하대동,경상사고,0,0,1,0,차대사람 - 기타,보행자보호의무위반,포장 - 젖음/습기,비,교차로 - 교차로횡단보도내,승용,남,32세,상해없음,보행자,남,23세,경상
6245,2020061100100103,2020년 6월 11일 07시,목요일,경상남도 밀양시 무안면,중상사고,0,1,0,0,차대사람 - 기타,안전운전불이행,포장 - 건조,맑음,단일로 - 기타,승용,남,55세,상해없음,보행자,남,79세,중상
6246,2020061100100133,2020년 6월 11일 08시,목요일,경상남도 창원시 진해구 덕산동,중상사고,0,1,0,0,차대사람 - 차도통행중,안전운전불이행,포장 - 건조,맑음,단일로 - 기타,승합,남,47세,상해없음,보행자,여,82세,중상
6247,2020061100100194,2020년 6월 11일 10시,목요일,경상남도 산청군 산청읍,중상사고,0,1,0,0,차대사람 - 기타,안전운전불이행,포장 - 건조,맑음,주차장 - 주차장,승용,남,68세,상해없음,보행자,여,88세,중상
6248,2020061100100223,2020년 6월 11일 11시,목요일,경상남도 사천시 선구동,부상신고사고,0,0,0,1,차대사람 - 기타,안전운전불이행,포장 - 건조,맑음,단일로 - 기타,승용,남,62세,상해없음,보행자,남,52세,부상신고
6249,2020061100100339,2020년 6월 11일 14시,목요일,경상남도 사천시 사천읍,경상사고,0,0,1,0,차대사람 - 길가장자리구역통행중,안전운전불이행,포장 - 건조,맑음,교차로 - 교차로안,승용,여,45세,상해없음,보행자,여,66세,경상
6250,2020061100100531,2020년 6월 11일 19시,목요일,경상남도 창원시 마산회원구 석전동,중상사고,0,1,0,0,차대사람 - 기타,안전운전불이행,포장 - 건조,흐림,단일로 - 기타,승용,여,51세,상해없음,보행자,남,59세,중상
6251,2020061200100025,2020년 6월 12일 02시,금요일,경상남도 창원시 성산구 중앙동,중상사고,0,1,0,0,차대사람 - 횡단중,안전운전불이행,포장 - 건조,맑음,교차로 - 교차로횡단보도내,승합,남,67세,상해없음,보행자,남,46세,중상
6252,2020061200100075,2020년 6월 12일 07시,금요일,경상남도 양산시 중부동,중상사고,0,1,0,0,차대사람 - 횡단중,보행자보호의무위반,포장 - 건조,맑음,단일로 - 기타,화물,남,24세,상해없음,보행자,여,27세,중상
6253,2020061200100194,2020년 6월 12일 10시,금요일,경상남도 김해시 부원동,중상사고,0,1,0,0,차대사람 - 횡단중,안전운전불이행,포장 - 건조,맑음,교차로 - 교차로부근,승용,여,68세,상해없음,보행자,여,59세,중상
6254,2020061200100239,2020년 6월 12일 11시,금요일,경상남도 창원시 의창구 팔용동,경상사고,0,0,1,0,차대사람 - 기타,안전운전불이행,포장 - 건조,맑음,기타 - 기타,승용,여,46세,상해없음,보행자,남,21세,경상
6255,2020061200100344,2020년 6월 12일 14시,금요일,경상남도 김해시 삼정동,경상사고,0,0,1,0,차대사람 - 횡단중,안전운전불이행,포장 - 건조,맑음,교차로 - 교차로안,승용,여,66세,상해없음,보행자,여,34세,경상
6256,2020061200100476,2020년 6월 12일 17시,금요일,경상남도 거제시 사등면,중상사고,0,1,0,0,차대사람 - 기타,기타,포장 - 건조,맑음,단일로 - 기타,승합,여,45세,상해없음,보행자,남,56세,중상
6257,2020061200100574,2020년 6월 12일 19시,금요일,경상남도 거제시 고현동,경상사고,0,0,1,0,차대사람 - 기타,안전운전불이행,포장 - 건조,맑음,단일로 - 기타,승용,남,60세,상해없음,보행자,남,41세,경상
6258,2020061200100651,2020년 6월 12일 21시,금요일,경상남도 산청군 산청읍,중상사고,0,1,0,0,차대사람 - 차도통행중,안전운전불이행,포장 - 젖음/습기,흐림,교차로 - 교차로부근,승용,남,57세,상해없음,보행자,여,64세,중상
6259,2020061300100063,2020년 6월 13일 02시,토요일,경상남도 양산시 물금읍,중상사고,0,1,0,0,차대사람 - 기타,안전운전불이행,포장 - 젖음/습기,비,교차로 - 교차로안,승용,남,31세,상해없음,보행자,남,46세,중상
6260,2020061300100161,2020년 6월 13일 09시,토요일,경상남도 거제시 고현동,중상사고,0,1,0,0,차대사람 - 횡단중,보행자보호의무위반,포장 - 젖음/습기,비,단일로 - 기타,승용,남,63세,상해없음,보행자,여,62세,중상
6261,2020061300100423,2020년 6월 13일 16시,토요일,경상남도 창원시 마산합포구 추산동,경상사고,0,0,1,0,차대사람 - 기타,안전운전불이행,포장 - 건조,흐림,단일로 - 지하차도(도로)내,승용,여,54세,상해없음,보행자,여,32세,경상
6262,2020061300100424,2020년 6월 13일 16시,토요일,경상남도 사천시 사천읍,중상사고,0,1,0,0,차대사람 - 차도통행중,안전운전불이행,포장 - 건조,맑음,단일로 - 기타,승용,여,44세,상해없음,보행자,남,70세,중상
6263,2020061300100467,2020년 6월 13일 17시,토요일,경상남도 진주시 평거동,경상사고,0,0,1,0,차대사람 - 횡단중,안전운전불이행,포장 - 젖음/습기,비,교차로 - 교차로안,승용,남,40세,상해없음,보행자,여,23세,경상
6264,2020061300100506,2020년 6월 13일 18시,토요일,경상남도 창원시 진해구 용원동,경상사고,0,0,1,0,차대사람 - 횡단중,보행자보호의무위반,포장 - 젖음/습기,비,교차로 - 교차로횡단보도내,승용,남,49세,상해없음,보행자,여,8세,경상
6265,2020061300100507,2020년 6월 13일 18시,토요일,경상남도 창원시 진해구 자은동,경상사고,0,0,1,0,차대사람 - 기타,보행자보호의무위반,포장 - 건조,맑음,교차로 - 교차로안,승용,여,49세,상해없음,보행자,여,65세,경상
6266,2020061300100537,2020년 6월 13일 19시,토요일,경상남도 밀양시 삼문동,경상사고,0,0,1,0,차대사람 - 길가장자리구역통행중,안전운전불이행,포장 - 건조,맑음,교차로 - 교차로부근,승용,남,51세,상해없음,보행자,남,51세,경상
6267,2020061300100581,2020년 6월 13일 20시,토요일,경상남도 거제시 고현동,중상사고,0,1,0,0,차대사람 - 기타,교차로운행방법위반,포장 - 건조,맑음,교차로 - 교차로안,승용,남,38세,상해없음,보행자,여,15세,중상
6268,2020061400100019,2020년 6월 14일 00시,일요일,경상남도 창원시 마산합포구 오동동,중상사고,0,1,0,0,차대사람 - 기타,안전운전불이행,포장 - 젖음/습기,비,교차로 - 교차로안,승합,남,40세,상해없음,보행자,남,60세,중상
6269,2020061400100020,2020년 6월 14일 00시,일요일,경상남도 양산시 북정동,경상사고,0,0,1,0,차대사람 - 횡단중,보행자보호의무위반,포장 - 젖음/습기,비,교차로 - 교차로횡단보도내,승용,남,59세,상해없음,보행자,여,61세,경상
6270,2020061400100070,2020년 6월 14일 04시,일요일,경상남도 창원시 마산합포구 월남동4가,중상사고,0,1,0,0,차대사람 - 횡단중,안전운전불이행,포장 - 젖음/습기,비,단일로 - 기타,이륜,남,27세,상해없음,보행자,남,77세,중상
6271,2020061500100042,2020년 6월 15일 05시,월요일,경상남도 사천시 동금동,중상사고,0,1,0,0,차대사람 - 횡단중,안전운전불이행,포장 - 건조,맑음,단일로 - 기타,승용,남,49세,상해없음,보행자,남,68세,중상
6272,2020061500100043,2020년 6월 15일 05시,월요일,경상남도 양산시 물금읍,경상사고,0,0,1,0,차대사람 - 횡단중,보행자보호의무위반,포장 - 건조,맑음,교차로 - 교차로횡단보도내,승용,남,54세,상해없음,보행자,남,50세,경상
6273,2020061500100201,2020년 6월 15일 10시,월요일,경상남도 진주시 금곡면,중상사고,0,1,0,0,차대사람 - 횡단중,보행자보호의무위반,포장 - 건조,맑음,교차로 - 교차로횡단보도내,화물,남,66세,기타불명,보행자,남,85세,중상
6274,2020061500100235,2020년 6월 15일 11시,월요일,경상남도 창원시 마산합포구 월영동,경상사고,0,0,1,0,차대사람 - 횡단중,안전운전불이행,포장 - 건조,맑음,교차로 - 교차로부근,승용,남,62세,상해없음,보행자,남,23세,경상
6275,2020061500100237,2020년 6월 15일 11시,월요일,경상남도 창원시 마산회원구 양덕동,중상사고,0,1,0,0,차대사람 - 길가장자리구역통행중,안전운전불이행,포장 - 건조,맑음,단일로 - 기타,승용,남,62세,기타불명,보행자,여,19세,중상
6276,2020061500100272,2020년 6월 15일 12시,월요일,경상남도 밀양시 산내면,중상사고,0,1,0,0,차대사람 - 보도통행중,안전운전불이행,포장 - 건조,맑음,단일로 - 기타,건설기계,남,47세,상해없음,보행자,남,87세,중상
6277,2020061500100437,2020년 6월 15일 16시,월요일,경상남도 통영시 북신동,경상사고,0,0,1,0,차대사람 - 횡단중,보행자보호의무위반,포장 - 건조,맑음,교차로 - 교차로횡단보도내,승용,여,54세,상해없음,보행자,여,16세,경상
6278,2020061500100500,2020년 6월 15일 17시,월요일,경상남도 창원시 진해구 평안동,경상사고,0,0,1,0,차대사람 - 횡단중,보행자보호의무위반,포장 - 건조,맑음,교차로 - 교차로횡단보도내,승용,남,64세,상해없음,보행자,남,54세,경상
6279,2020061500100563,2020년 6월 15일 18시,월요일,경상남도 사천시 동금동,중상사고,0,1,0,0,차대사람 - 횡단중,신호위반,포장 - 건조,맑음,교차로 - 교차로안,승용,남,49세,상해없음,보행자,여,55세,중상
6280,2020061500100633,2020년 6월 15일 20시,월요일,경상남도 창원시 성산구 대방동,중상사고,0,1,0,0,차대사람 - 차도통행중,안전운전불이행,포장 - 건조,흐림,교차로 - 교차로안,승용,남,60세,상해없음,보행자,여,65세,중상
6281,2020061500100680,2020년 6월 15일 22시,월요일,경상남도 김해시 진영읍,중상사고,0,1,0,0,차대사람 - 차도통행중,중앙선침범,포장 - 건조,맑음,단일로 - 기타,승용,남,32세,상해없음,보행자,남,46세,중상
6282,2020061600100031,2020년 6월 16일 04시,화요일,경상남도 사천시 정동면,중상사고,0,1,0,0,차대사람 - 횡단중,안전운전불이행,포장 - 건조,맑음,교차로 - 교차로안,승용,여,41세,상해없음,보행자,여,89세,중상
6283,2020061600100195,2020년 6월 16일 10시,화요일,경상남도 창원시 마산회원구 내서읍,중상사고,0,1,0,0,차대사람 - 횡단중,보행자보호의무위반,포장 - 건조,맑음,교차로 - 교차로횡단보도내,승합,남,57세,상해없음,보행자,여,77세,중상
6284,2020061600100260,2020년 6월 16일 12시,화요일,경상남도 통영시 중앙동,중상사고,0,1,0,0,차대사람 - 기타,안전운전불이행,포장 - 건조,맑음,단일로 - 기타,승합,남,62세,상해없음,보행자,여,52세,중상
6285,2020061600100334,2020년 6월 16일 14시,화요일,경상남도 김해시 내동,중상사고,0,1,0,0,차대사람 - 기타,안전운전불이행,포장 - 젖음/습기,비,교차로 - 교차로안,화물,남,55세,상해없음,보행자,여,71세,중상
6286,2020061700100022,2020년 6월 17일 02시,수요일,경상남도 거창군 거창읍,중상사고,0,1,0,0,차대사람 - 차도통행중,안전운전불이행,포장 - 건조,맑음,교차로 - 교차로안,승용,남,42세,상해없음,보행자,남,21세,중상
6287,2020061700100056,2020년 6월 17일 06시,수요일,경상남도 통영시 도천동,경상사고,0,0,1,0,차대사람 - 횡단중,신호위반,포장 - 건조,맑음,교차로 - 교차로횡단보도내,승합,남,64세,상해없음,보행자,여,72세,경상
6288,2020061700100131,2020년 6월 17일 08시,수요일,경상남도 밀양시 하남읍,경상사고,0,0,1,0,차대사람 - 길가장자리구역통행중,안전운전불이행,포장 - 건조,맑음,교차로 - 교차로부근,승용,여,42세,상해없음,보행자,여,17세,경상
6289,2020061700100288,2020년 6월 17일 13시,수요일,경상남도 양산시 명동,경상사고,0,0,1,0,차대사람 - 횡단중,안전운전불이행,포장 - 건조,맑음,교차로 - 교차로부근,화물,남,47세,상해없음,보행자,여,72세,경상
6290,2020061700100332,2020년 6월 17일 14시,수요일,경상남도 산청군 생초면,경상사고,0,0,1,0,차대사람 - 길가장자리구역통행중,안전운전불이행,포장 - 건조,맑음,교차로 - 교차로부근,승용,남,69세,상해없음,보행자,여,89세,경상
6291,2020061700100370,2020년 6월 17일 15시,수요일,경상남도 밀양시 하남읍,중상사고,0,1,0,0,차대사람 - 길가장자리구역통행중,안전운전불이행,포장 - 건조,맑음,단일로 - 기타,화물,남,77세,상해없음,보행자,남,78세,중상
6292,2020061700100391,2020년 6월 17일 16시,수요일,경상남도 창원시 마산합포구 신포동1가,경상사고,0,0,1,0,차대사람 - 횡단중,안전운전불이행,포장 - 건조,흐림,교차로 - 교차로안,승용,남,24세,상해없음,보행자,남,17세,경상
6293,2020061700100393,2020년 6월 17일 16시,수요일,경상남도 창원시 마산회원구 석전동,경상사고,0,0,1,0,차대사람 - 횡단중,보행자보호의무위반,포장 - 건조,맑음,교차로 - 교차로횡단보도내,승용,남,43세,상해없음,보행자,여,68세,경상
6294,2020061700100478,2020년 6월 17일 18시,수요일,경상남도 창원시 진해구 용원동,부상신고사고,0,0,0,1,차대사람 - 횡단중,보행자보호의무위반,포장 - 건조,맑음,교차로 - 교차로횡단보도내,승용,남,29세,상해없음,보행자,남,41세,부상신고
6295,2020061700100519,2020년 6월 17일 19시,수요일,경상남도 통영시 태평동,중상사고,0,1,0,0,차대사람 - 횡단중,안전운전불이행,포장 - 건조,맑음,교차로 - 교차로부근,이륜,남,38세,상해없음,보행자,남,73세,중상
6296,2020061700100576,2020년 6월 17일 21시,수요일,경상남도 창원시 성산구 상남동,중상사고,0,1,0,0,차대사람 - 기타,안전운전불이행,포장 - 건조,맑음,교차로 - 교차로부근,승합,남,48세,상해없음,보행자,남,32세,중상
6297,2020061700100610,2020년 6월 17일 22시,수요일,경상남도 창원시 마산합포구 중성동,경상사고,0,0,1,0,차대사람 - 횡단중,보행자보호의무위반,포장 - 젖음/습기,비,단일로 - 기타,이륜,남,23세,상해없음,보행자,여,63세,경상
6298,2020061700100637,2020년 6월 17일 23시,수요일,경상남도 창원시 마산합포구 해운동,중상사고,0,1,0,0,차대사람 - 기타,안전운전불이행,포장 - 젖음/습기,비,단일로 - 기타,승용,남,35세,상해없음,보행자,남,21세,중상
6299,2020061800100007,2020년 6월 18일 00시,목요일,경상남도 진주시 충무공동,중상사고,0,1,0,0,차대사람 - 횡단중,보행자보호의무위반,포장 - 젖음/습기,비,단일로 - 기타,승합,남,47세,상해없음,보행자,남,43세,중상
6300,2020061800100022,2020년 6월 18일 01시,목요일,경상남도 김해시 어방동,경상사고,0,0,2,0,차대사람 - 차도통행중,안전운전불이행,포장 - 젖음/습기,비,단일로 - 기타,승용,남,60세,경상,보행자,남,57세,경상
6301,2020061800100056,2020년 6월 18일 04시,목요일,경상남도 창원시 성산구 상남동,중상사고,0,1,0,0,차대사람 - 횡단중,보행자보호의무위반,포장 - 젖음/습기,비,교차로 - 교차로횡단보도내,승용,남,21세,상해없음,보행자,여,35세,중상
6302,2020061800100081,2020년 6월 18일 06시,목요일,경상남도 진주시 장대동,중상사고,0,2,0,0,차대사람 - 횡단중,보행자보호의무위반,포장 - 젖음/습기,비,단일로 - 기타,화물,남,69세,상해없음,보행자,남,77세,중상
6303,2020061800100103,2020년 6월 18일 07시,목요일,경상남도 사천시 벌리동,경상사고,0,0,1,0,차대사람 - 횡단중,보행자보호의무위반,포장 - 젖음/습기,비,교차로 - 교차로횡단보도내,승용,여,55세,상해없음,보행자,여,61세,경상
6304,2020061800100349,2020년 6월 18일 14시,목요일,경상남도 창원시 진해구 덕산동,중상사고,0,1,0,0,차대사람 - 기타,안전운전불이행,포장 - 젖음/습기,비,단일로 - 기타,승합,남,59세,상해없음,보행자,여,79세,중상
6305,2020061800100439,2020년 6월 18일 17시,목요일,경상남도 창원시 마산회원구 석전동,경상사고,0,0,1,0,차대사람 - 횡단중,신호위반,포장 - 젖음/습기,비,교차로 - 교차로횡단보도내,승용,남,64세,기타불명,보행자,남,37세,경상
6306,2020061800100477,2020년 6월 18일 18시,목요일,경상남도 거창군 웅양면,경상사고,0,0,1,0,차대사람 - 횡단중,안전운전불이행,포장 - 건조,맑음,단일로 - 기타,승용,남,57세,상해없음,보행자,여,10세,경상
6307,2020061800100589,2020년 6월 18일 21시,목요일,경상남도 거제시 사등면,중상사고,0,1,0,0,차대사람 - 차도통행중,안전운전불이행,포장 - 젖음/습기,흐림,단일로 - 기타,승용,여,50세,상해없음,보행자,남,48세,중상
6308,2020061900100020,2020년 6월 19일 01시,금요일,경상남도 진주시 칠암동,경상사고,0,0,1,0,차대사람 - 횡단중,안전운전불이행,포장 - 젖음/습기,비,교차로 - 교차로부근,승용,남,51세,상해없음,보행자,남,23세,경상
6309,2020061900100091,2020년 6월 19일 07시,금요일,경상남도 진주시 신안동,경상사고,0,0,1,0,차대사람 - 횡단중,보행자보호의무위반,포장 - 젖음/습기,비,교차로 - 교차로횡단보도내,기타불명,기타불명,미분류,기타불명,보행자,여,81세,경상
6310,2020061900100131,2020년 6월 19일 08시,금요일,경상남도 산청군 시천면,경상사고,0,0,1,0,차대사람 - 기타,안전운전불이행,포장 - 건조,맑음,기타 - 기타,승용,남,40세,상해없음,보행자,남,84세,경상
6311,2020061900100155,2020년 6월 19일 09시,금요일,경상남도 사천시 좌룡동,중상사고,0,1,0,0,차대사람 - 횡단중,신호위반,포장 - 건조,맑음,교차로 - 교차로안,승용,여,64세,상해없음,보행자,남,46세,중상
6312,2020061900100156,2020년 6월 19일 09시,금요일,경상남도 밀양시 삼랑진읍,중상사고,0,1,0,0,차대사람 - 횡단중,안전운전불이행,포장 - 건조,맑음,단일로 - 기타,승용,여,26세,상해없음,보행자,여,77세,중상
6313,2020061900100282,2020년 6월 19일 12시,금요일,경상남도 김해시 진영읍,경상사고,0,0,1,0,차대사람 - 기타,안전운전불이행,포장 - 건조,맑음,교차로 - 교차로안,승용,여,29세,상해없음,보행자,남,68세,경상
6314,2020061900100318,2020년 6월 19일 13시,금요일,경상남도 창원시 마산합포구 진북면,경상사고,0,0,1,0,차대사람 - 기타,교차로운행방법위반,포장 - 건조,맑음,교차로 - 교차로안,승용,여,51세,상해없음,보행자,남,69세,경상
6315,2020061900100320,2020년 6월 19일 13시,금요일,경상남도 김해시 부원동,경상사고,0,0,1,0,차대사람 - 횡단중,안전운전불이행,포장 - 건조,맑음,단일로 - 기타,승용,남,65세,상해없음,보행자,여,72세,경상
6316,2020061900100405,2020년 6월 19일 15시,금요일,경상남도 거창군 거창읍,경상사고,0,0,1,0,차대사람 - 횡단중,신호위반,포장 - 건조,맑음,교차로 - 교차로횡단보도내,화물,남,67세,상해없음,보행자,남,8세,경상
6317,2020061900100444,2020년 6월 19일 16시,금요일,경상남도 사천시 동금동,중상사고,0,1,0,0,차대사람 - 횡단중,신호위반,포장 - 건조,맑음,교차로 - 교차로횡단보도내,승용,남,52세,상해없음,보행자,여,64세,중상
6318,2020061900100447,2020년 6월 19일 16시,금요일,경상남도 창원시 의창구 신월동,경상사고,0,0,1,0,차대사람 - 기타,안전운전불이행,포장 - 건조,맑음,단일로 - 기타,승용,남,63세,상해없음,보행자,남,7세,경상
6319,2020061900100508,2020년 6월 19일 17시,금요일,경상남도 밀양시 내이동,경상사고,0,0,1,0,차대사람 - 기타,기타,포장 - 건조,맑음,단일로 - 기타,자전거,남,63세,기타불명,보행자,여,47세,경상
6320,2020061900100510,2020년 6월 19일 17시,금요일,경상남도 양산시 물금읍,경상사고,0,0,1,0,차대사람 - 보도통행중,기타,포장 - 건조,맑음,단일로 - 기타,자전거,남,7세,상해없음,보행자,여,83세,경상
6321,2020061900100566,2020년 6월 19일 18시,금요일,경상남도 양산시 명동,중상사고,0,1,0,0,차대사람 - 횡단중,보행자보호의무위반,포장 - 건조,맑음,교차로 - 교차로횡단보도내,승합,여,50세,상해없음,보행자,남,57세,중상
6322,2020061900100690,2020년 6월 19일 21시,금요일,경상남도 진주시 상평동,경상사고,0,0,1,0,차대사람 - 차도통행중,안전운전불이행,포장 - 건조,맑음,단일로 - 기타,승용,남,53세,상해없음,보행자,여,26세,경상
6323,2020061900100692,2020년 6월 19일 21시,금요일,경상남도 김해시 동상동,중상사고,0,1,0,0,차대사람 - 횡단중,안전운전불이행,포장 - 건조,맑음,교차로 - 교차로부근,승용,남,45세,상해없음,보행자,남,40세,중상
6324,2020062000100031,2020년 6월 20일 01시,토요일,경상남도 창원시 진해구 여좌동,중상사고,0,1,0,0,차대사람 - 기타,안전운전불이행,포장 - 건조,맑음,교차로 - 교차로부근,승용,여,35세,상해없음,보행자,여,50세,중상
6325,2020062000100152,2020년 6월 20일 09시,토요일,경상남도 진주시 동성동,중상사고,0,1,0,0,차대사람 - 횡단중,보행자보호의무위반,포장 - 건조,맑음,교차로 - 교차로안,승용,남,67세,상해없음,보행자,여,81세,중상
6326,2020062000100318,2020년 6월 20일 13시,토요일,경상남도 사천시 용현면,중상사고,0,1,0,0,차대사람 - 횡단중,안전운전불이행,포장 - 건조,맑음,교차로 - 교차로횡단보도내,승합,남,44세,상해없음,보행자,여,10세,중상
6327,2020062000100478,2020년 6월 20일 17시,토요일,경상남도 함안군 가야읍,경상사고,0,0,1,0,차대사람 - 기타,안전운전불이행,포장 - 건조,맑음,교차로 - 교차로부근,승용,여,68세,상해없음,보행자,남,44세,경상
6328,2020062000100517,2020년 6월 20일 18시,토요일,경상남도 거창군 웅양면,중상사고,0,1,0,0,차대사람 - 차도통행중,중앙선침범,포장 - 건조,맑음,교차로 - 교차로부근,승용,여,44세,상해없음,보행자,여,77세,중상
6329,2020062000100595,2020년 6월 20일 20시,토요일,경상남도 산청군 오부면,중상사고,0,1,0,0,차대사람 - 보도통행중,안전운전불이행,포장 - 건조,맑음,단일로 - 기타,화물,남,66세,상해없음,보행자,여,80세,중상
6330,2020062100100110,2020년 6월 21일 08시,일요일,경상남도 통영시 문화동,중상사고,0,1,0,0,차대사람 - 횡단중,신호위반,포장 - 건조,맑음,교차로 - 교차로부근,승용,남,43세,상해없음,보행자,여,57세,중상
6331,2020062100100203,2020년 6월 21일 12시,일요일,경상남도 창원시 마산합포구 남성동,경상사고,0,0,1,0,차대사람 - 기타,안전운전불이행,포장 - 건조,맑음,교차로 - 교차로부근,승용,남,49세,상해없음,보행자,여,49세,경상
6332,2020062100100297,2020년 6월 21일 15시,일요일,경상남도 통영시 북신동,중상사고,0,1,1,0,차대사람 - 기타,안전운전불이행,포장 - 건조,맑음,교차로 - 교차로안,화물,남,49세,상해없음,보행자,여,24세,중상
6333,2020062100100299,2020년 6월 21일 15시,일요일,경상남도 창원시 의창구 소계동,경상사고,0,0,1,0,차대사람 - 기타,안전운전불이행,포장 - 건조,맑음,단일로 - 기타,화물,남,65세,상해없음,보행자,남,5세,경상
6334,2020062100100369,2020년 6월 21일 17시,일요일,경상남도 창원시 의창구 서상동,중상사고,0,1,0,0,차대사람 - 횡단중,보행자보호의무위반,포장 - 건조,맑음,교차로 - 교차로횡단보도내,승용,남,28세,상해없음,보행자,남,63세,중상
6335,2020062200100126,2020년 6월 22일 08시,월요일,경상남도 사천시 용현면,중상사고,0,1,0,0,차대사람 - 횡단중,보행자보호의무위반,포장 - 건조,맑음,교차로 - 교차로안,승용,남,64세,상해없음,보행자,여,88세,중상
6336,2020062200100127,2020년 6월 22일 08시,월요일,경상남도 김해시 삼방동,중상사고,0,1,0,0,차대사람 - 횡단중,보행자보호의무위반,포장 - 건조,맑음,단일로 - 기타,화물,남,43세,상해없음,보행자,남,65세,중상
6337,2020062200100128,2020년 6월 22일 08시,월요일,경상남도 창원시 마산회원구 양덕동,중상사고,0,1,0,0,차대사람 - 보도통행중,안전운전불이행,포장 - 건조,맑음,교차로 - 교차로안,승용,남,70세,상해없음,보행자,여,59세,중상
6338,2020062200100168,2020년 6월 22일 09시,월요일,경상남도 창원시 성산구 상남동,경상사고,0,0,1,0,차대사람 - 기타,보행자보호의무위반,포장 - 건조,맑음,교차로 - 교차로안,승용,여,71세,상해없음,보행자,남,58세,경상
6339,2020062200100221,2020년 6월 22일 10시,월요일,경상남도 남해군 미조면,중상사고,0,1,0,0,차대사람 - 기타,안전운전불이행,포장 - 건조,맑음,단일로 - 기타,원동기,여,35세,상해없음,보행자,여,78세,중상
6340,2020062200100272,2020년 6월 22일 11시,월요일,경상남도 김해시 진영읍,중상사고,0,1,0,0,차대사람 - 횡단중,보행자보호의무위반,포장 - 건조,맑음,교차로 - 교차로횡단보도내,승용,남,46세,상해없음,보행자,여,78세,중상
6341,2020062200100341,2020년 6월 22일 13시,월요일,경상남도 창원시 성산구 상남동,경상사고,0,0,1,0,차대사람 - 길가장자리구역통행중,안전운전불이행,포장 - 건조,맑음,단일로 - 기타,승용,여,49세,상해없음,보행자,여,59세,경상