,사고번호,사고일시,요일,시군구,사고내용,사망자수,중상자수,경상자수,부상신고자수,사고유형,법규위반,노면상태,기상상태,도로형태,가해운전자 차종,가해운전자 성별,가해운전자 연령,가해운전자 상해정도,피해운전자 차종,피해운전자 성별,피해운전자 연령,피해운전자 상해정도
6342,2020062200100636,2020년 6월 22일 19시,월요일,경상남도 김해시 부곡동,중상사고,0,1,0,0,차대사람 - 길가장자리구역통행중,안전운전불이행,포장 - 건조,맑음,단일로 - 기타,승용,여,40세,상해없음,보행자,남,62세,중상
6343,2020062200100661,2020년 6월 22일 20시,월요일,경상남도 하동군 화개면,중상사고,0,1,0,0,차대사람 - 기타,안전운전불이행,포장 - 건조,맑음,단일로 - 기타,승용,여,53세,상해없음,보행자,여,67세,중상
6344,2020062200100693,2020년 6월 22일 21시,월요일,경상남도 김해시 부원동,경상사고,0,0,1,0,차대사람 - 기타,안전운전불이행,포장 - 건조,맑음,단일로 - 기타,승합,남,35세,상해없음,보행자,남,49세,경상
6345,2020062300100057,2020년 6월 23일 06시,화요일,경상남도 진주시 상대동,중상사고,0,1,0,0,차대사람 - 횡단중,보행자보호의무위반,포장 - 건조,맑음,단일로 - 기타,승용,여,62세,상해없음,보행자,여,78세,중상
6346,2020062300100137,2020년 6월 23일 08시,화요일,경상남도 합천군 가야면,경상사고,0,0,2,0,차대사람 - 차도통행중,안전운전불이행,포장 - 건조,맑음,단일로 - 기타,원동기,남,21세,경상,보행자,여,8세,경상
6347,2020062300100392,2020년 6월 23일 15시,화요일,경상남도 김해시 봉황동,중상사고,0,1,0,0,차대사람 - 기타,중앙선침범,포장 - 건조,맑음,교차로 - 교차로부근,승용,여,46세,상해없음,보행자,남,4세,중상
6348,2020062300100430,2020년 6월 23일 16시,화요일,경상남도 거제시 문동동,경상사고,0,0,1,0,차대사람 - 기타,안전운전불이행,포장 - 건조,맑음,단일로 - 기타,화물,남,31세,상해없음,보행자,여,11세,경상
6349,2020062400100007,2020년 6월 24일 00시,수요일,경상남도 김해시 삼계동,부상신고사고,0,0,0,1,차대사람 - 횡단중,안전운전불이행,포장 - 건조,맑음,단일로 - 기타,승용,남,50세,상해없음,보행자,남,35세,부상신고
6350,2020062400100242,2020년 6월 24일 12시,수요일,경상남도 창원시 의창구 북면,중상사고,0,1,0,0,차대사람 - 횡단중,안전운전불이행,포장 - 건조,맑음,단일로 - 기타,승용,여,30세,상해없음,보행자,여,35세,중상
6351,2020062400100266,2020년 6월 24일 13시,수요일,경상남도 거제시 능포동,중상사고,0,1,0,0,차대사람 - 보도통행중,보행자보호의무위반,포장 - 건조,맑음,교차로 - 교차로안,화물,남,68세,상해없음,보행자,여,65세,중상
6352,2020062400100309,2020년 6월 24일 14시,수요일,경상남도 진주시 칠암동,경상사고,0,0,1,0,차대사람 - 횡단중,안전운전불이행,포장 - 젖음/습기,비,교차로 - 교차로안,승용,여,58세,상해없음,보행자,여,66세,경상
6353,2020062400100533,2020년 6월 24일 19시,수요일,경상남도 함안군 가야읍,경상사고,0,0,1,0,차대사람 - 횡단중,보행자보호의무위반,포장 - 젖음/습기,비,교차로 - 교차로횡단보도내,승합,남,58세,상해없음,보행자,여,54세,경상
6354,2020062400100662,2020년 6월 24일 22시,수요일,경상남도 창원시 성산구 상남동,경상사고,0,0,2,0,차대사람 - 기타,안전운전불이행,포장 - 젖음/습기,비,단일로 - 기타,이륜,남,33세,경상,보행자,남,65세,경상
6355,2020062500100072,2020년 6월 25일 04시,목요일,경상남도 김해시 삼방동,중상사고,0,1,0,0,차대사람 - 횡단중,보행자보호의무위반,포장 - 젖음/습기,비,교차로 - 교차로횡단보도내,승합,남,61세,상해없음,보행자,남,78세,중상
6356,2020062500100145,2020년 6월 25일 08시,목요일,경상남도 함양군 함양읍,중상사고,0,1,0,0,차대사람 - 횡단중,안전운전불이행,포장 - 건조,맑음,단일로 - 지하차도(도로)내,승용,여,37세,상해없음,보행자,남,66세,중상
6357,2020062500100352,2020년 6월 25일 15시,목요일,경상남도 창원시 성산구 중앙동,부상신고사고,0,0,0,1,차대사람 - 차도통행중,안전운전불이행,포장 - 젖음/습기,비,교차로 - 교차로부근,화물,남,71세,상해없음,보행자,남,46세,부상신고
6358,2020062500100512,2020년 6월 25일 20시,목요일,경상남도 진주시 평거동,경상사고,0,0,1,0,차대사람 - 횡단중,보행자보호의무위반,포장 - 젖음/습기,비,교차로 - 교차로횡단보도내,승용,남,54세,상해없음,보행자,여,71세,경상
6359,2020062500100594,2020년 6월 25일 22시,목요일,경상남도 김해시 진영읍,중상사고,0,1,0,0,차대사람 - 횡단중,안전운전불이행,포장 - 젖음/습기,흐림,교차로 - 교차로부근,승용,여,53세,상해없음,보행자,여,58세,중상
6360,2020062600100083,2020년 6월 26일 06시,금요일,경상남도 거제시 옥포동,경상사고,0,0,1,0,차대사람 - 기타,안전운전불이행,포장 - 건조,맑음,단일로 - 기타,이륜,남,36세,경상,보행자,여,57세,상해없음
6361,2020062600100108,2020년 6월 26일 07시,금요일,경상남도 고성군 회화면,중상사고,0,1,0,0,차대사람 - 횡단중,안전운전불이행,포장 - 건조,맑음,교차로 - 교차로안,승용,여,58세,상해없음,보행자,여,74세,중상
6362,2020062600100138,2020년 6월 26일 08시,금요일,경상남도 통영시 무전동,중상사고,0,1,0,0,차대사람 - 기타,보행자보호의무위반,포장 - 건조,맑음,단일로 - 기타,승용,남,69세,상해없음,보행자,여,77세,중상
6363,2020062600100141,2020년 6월 26일 08시,금요일,경상남도 고성군 고성읍,경상사고,0,0,1,0,차대사람 - 보도통행중,안전운전불이행,포장 - 건조,맑음,기타 - 기타,승용,남,55세,상해없음,보행자,남,76세,경상
6364,2020062600100182,2020년 6월 26일 09시,금요일,경상남도 고성군 고성읍,경상사고,0,0,1,0,차대사람 - 보도통행중,안전운전불이행,포장 - 건조,맑음,단일로 - 기타,승용,남,51세,상해없음,보행자,여,78세,경상
6365,2020062600100231,2020년 6월 26일 11시,금요일,경상남도 양산시 평산동,중상사고,0,1,0,0,차대사람 - 횡단중,안전운전불이행,포장 - 건조,맑음,교차로 - 교차로안,승용,남,41세,상해없음,보행자,여,60세,중상
6366,2020062600100488,2020년 6월 26일 17시,금요일,경상남도 창원시 진해구 대흥동,중상사고,0,1,0,0,차대사람 - 기타,안전운전불이행,포장 - 건조,맑음,주차장 - 주차장,승용,남,52세,상해없음,보행자,여,65세,중상
6367,2020062700100011,2020년 6월 27일 00시,토요일,경상남도 거제시 장승포동,경상사고,0,0,1,0,차대사람 - 기타,안전운전불이행,포장 - 건조,맑음,교차로 - 교차로안,승용,남,48세,상해없음,보행자,남,54세,경상
6368,2020062700100106,2020년 6월 27일 07시,토요일,경상남도 창원시 마산합포구 남성동,중상사고,0,1,0,0,차대사람 - 횡단중,안전운전불이행,포장 - 건조,맑음,단일로 - 기타,승용,남,57세,상해없음,보행자,여,82세,중상
6369,2020062700100216,2020년 6월 27일 11시,토요일,경상남도 김해시 외동,경상사고,0,0,1,0,차대사람 - 횡단중,안전운전불이행,포장 - 건조,흐림,단일로 - 기타,승용,남,57세,상해없음,보행자,여,68세,경상
6370,2020062700100320,2020년 6월 27일 14시,토요일,경상남도 김해시 봉황동,중상사고,0,1,0,0,차대사람 - 횡단중,보행자보호의무위반,포장 - 건조,흐림,교차로 - 교차로횡단보도내,화물,남,65세,상해없음,보행자,남,81세,중상
6371,2020062700100357,2020년 6월 27일 15시,토요일,경상남도 사천시 용현면,중상사고,0,1,0,0,차대사람 - 횡단중,보행자보호의무위반,포장 - 건조,맑음,교차로 - 교차로안,승용,남,41세,상해없음,보행자,남,86세,중상
6372,2020062700100564,2020년 6월 27일 21시,토요일,경상남도 창원시 의창구 명서동,경상사고,0,0,1,0,차대사람 - 기타,안전운전불이행,포장 - 건조,맑음,교차로 - 교차로부근,승용,남,63세,상해없음,보행자,남,45세,경상
6373,2020062700100582,2020년 6월 27일 22시,토요일,경상남도 양산시 물금읍,중상사고,0,1,0,0,차대사람 - 보도통행중,안전운전불이행,포장 - 건조,맑음,단일로 - 기타,기타불명,남,40세,상해없음,보행자,남,8세,중상
6374,2020062800100072,2020년 6월 28일 05시,일요일,경상남도 합천군 묘산면,중상사고,0,1,0,0,차대사람 - 횡단중,안전운전불이행,포장 - 건조,맑음,단일로 - 기타,승용,여,64세,상해없음,보행자,남,60세,중상
6375,2020062800100142,2020년 6월 28일 10시,일요일,경상남도 김해시 대청동,중상사고,0,1,1,0,차대사람 - 길가장자리구역통행중,안전운전불이행,포장 - 건조,맑음,단일로 - 기타,화물,남,50세,상해없음,보행자,남,2세,중상
6376,2020062800100357,2020년 6월 28일 17시,일요일,경상남도 창녕군 창녕읍,중상사고,0,1,0,0,차대사람 - 횡단중,보행자보호의무위반,포장 - 건조,맑음,교차로 - 교차로부근,원동기,남,21세,상해없음,보행자,여,51세,중상
6377,2020062800100358,2020년 6월 28일 17시,일요일,경상남도 양산시 물금읍,중상사고,0,1,0,0,차대사람 - 기타,안전운전불이행,포장 - 건조,맑음,기타 - 기타,승용,남,39세,상해없음,보행자,남,3세,중상
6378,2020062900100121,2020년 6월 29일 09시,월요일,경상남도 함안군 가야읍,중상사고,0,1,0,0,차대사람 - 보도통행중,안전운전불이행,포장 - 건조,맑음,단일로 - 기타,승용,남,76세,상해없음,보행자,여,67세,중상
6379,2020062900100196,2020년 6월 29일 11시,월요일,경상남도 거제시 동부면,중상사고,0,1,0,0,차대사람 - 길가장자리구역통행중,안전운전불이행,포장 - 건조,맑음,주차장 - 주차장,승용,남,71세,상해없음,보행자,여,63세,중상
6380,2020062900100371,2020년 6월 29일 16시,월요일,경상남도 창원시 마산합포구 남성동,중상사고,0,1,0,0,차대사람 - 길가장자리구역통행중,안전운전불이행,포장 - 젖음/습기,비,단일로 - 기타,이륜,남,63세,상해없음,보행자,여,76세,중상
6381,2020062900100458,2020년 6월 29일 18시,월요일,경상남도 고성군 고성읍,중상사고,0,1,0,0,차대사람 - 보도통행중,보행자보호의무위반,포장 - 젖음/습기,비,교차로 - 교차로안,승용,여,27세,상해없음,보행자,여,68세,중상
6382,2020062900100590,2020년 6월 29일 21시,월요일,경상남도 김해시 구산동,경상사고,0,0,1,0,차대사람 - 기타,안전운전불이행,포장 - 젖음/습기,비,단일로 - 기타,승용,남,58세,상해없음,보행자,남,52세,경상
6383,2020062900100593,2020년 6월 29일 21시,월요일,경상남도 창원시 성산구 상남동,중상사고,0,1,0,0,차대사람 - 횡단중,중앙선침범,포장 - 젖음/습기,비,단일로 - 기타,화물,남,49세,기타불명,보행자,여,55세,중상
6384,2020063000100130,2020년 6월 30일 08시,화요일,경상남도 양산시 중부동,경상사고,0,0,1,0,차대사람 - 횡단중,안전운전불이행,포장 - 건조,맑음,교차로 - 교차로안,승용,남,35세,상해없음,보행자,남,29세,경상
6385,2020063000100263,2020년 6월 30일 13시,화요일,경상남도 양산시 북정동,부상신고사고,0,0,0,1,차대사람 - 기타,안전운전불이행,포장 - 건조,맑음,교차로 - 교차로부근,승용,남,72세,상해없음,보행자,여,7세,부상신고
6386,2020063000100264,2020년 6월 30일 13시,화요일,경상남도 창원시 성산구 중앙동,중상사고,0,1,0,0,차대사람 - 기타,보행자보호의무위반,포장 - 건조,맑음,교차로 - 교차로안,승용,여,60세,상해없음,보행자,남,60세,중상
6387,2020063000100327,2020년 6월 30일 15시,화요일,경상남도 양산시 평산동,경상사고,0,0,1,0,차대사람 - 기타,기타,포장 - 건조,맑음,기타 - 기타,화물,남,28세,상해없음,보행자,남,87세,경상
6388,2020063000100329,2020년 6월 30일 15시,화요일,경상남도 창원시 의창구 소답동,중상사고,0,1,0,0,차대사람 - 기타,안전운전불이행,포장 - 건조,맑음,교차로 - 교차로부근,승용,여,67세,상해없음,보행자,남,78세,중상
6389,2020063000100397,2020년 6월 30일 17시,화요일,경상남도 창원시 진해구 태평동,부상신고사고,0,0,0,1,차대사람 - 기타,안전운전불이행,포장 - 건조,맑음,교차로 - 교차로횡단보도내,화물,남,40세,상해없음,보행자,남,15세,부상신고
6390,2020063000100556,2020년 6월 30일 21시,화요일,경상남도 양산시 동면,부상신고사고,0,0,0,1,차대사람 - 기타,안전운전불이행,포장 - 건조,맑음,교차로 - 교차로부근,승용,남,43세,상해없음,보행자,남,45세,부상신고
6391,2020063000100616,2020년 6월 30일 23시,화요일,경상남도 창원시 마산합포구 해운동,중상사고,0,2,0,0,차대사람 - 차도통행중,안전운전불이행,포장 - 건조,흐림,단일로 - 기타,승용,여,37세,상해없음,보행자,남,55세,중상
6392,2020070100100086,2020년 7월 1일 07시,수요일,경상남도 밀양시 삼랑진읍,사망사고,1,0,0,0,차대사람 - 길가장자리구역통행중,안전운전불이행,포장 - 건조,맑음,교차로 - 교차로부근,건설기계,남,34세,상해없음,보행자,남,73세,사망
6393,2020070100100087,2020년 7월 1일 07시,수요일,경상남도 창원시 마산회원구 회성동,중상사고,0,1,0,0,차대사람 - 보도통행중,보행자보호의무위반,포장 - 건조,맑음,교차로 - 교차로부근,승용,여,53세,상해없음,보행자,여,77세,중상
6394,2020070100100157,2020년 7월 1일 09시,수요일,경상남도 고성군 고성읍,중상사고,0,1,0,0,차대사람 - 차도통행중,안전운전불이행,포장 - 건조,맑음,단일로 - 기타,화물,남,69세,상해없음,보행자,남,69세,중상
6395,2020070100100212,2020년 7월 1일 11시,수요일,경상남도 통영시 도남동,경상사고,0,0,1,0,차대사람 - 보도통행중,안전운전불이행,포장 - 건조,맑음,단일로 - 기타,승용,여,51세,상해없음,보행자,남,75세,경상
6396,2020070100100389,2020년 7월 1일 17시,수요일,경상남도 김해시 부원동,경상사고,0,0,1,0,차대사람 - 길가장자리구역통행중,안전운전불이행,포장 - 건조,맑음,단일로 - 기타,승용,남,39세,상해없음,보행자,남,16세,경상
6397,2020070100100546,2020년 7월 1일 21시,수요일,경상남도 창원시 진해구 경화동,경상사고,0,0,1,0,차대사람 - 차도통행중,안전운전불이행,포장 - 건조,맑음,교차로 - 교차로안,기타불명,기타불명,미분류,기타불명,보행자,남,51세,경상
6398,2020070100100547,2020년 7월 1일 21시,수요일,경상남도 거제시 아주동,중상사고,0,1,0,0,차대사람 - 횡단중,보행자보호의무위반,포장 - 건조,맑음,교차로 - 교차로횡단보도내,승용,남,54세,상해없음,보행자,남,34세,중상
6399,2020070200100077,2020년 7월 2일 07시,목요일,경상남도 합천군 합천읍,중상사고,0,1,0,0,차대사람 - 기타,안전운전불이행,포장 - 건조,맑음,단일로 - 기타,승용,여,50세,상해없음,보행자,여,72세,중상
6400,2020070200100187,2020년 7월 2일 10시,목요일,경상남도 창원시 의창구 봉곡동,중상사고,0,1,0,0,차대사람 - 횡단중,교차로운행방법위반,포장 - 건조,맑음,교차로 - 교차로안,승용,남,56세,상해없음,보행자,여,75세,중상
6401,2020070200100394,2020년 7월 2일 16시,목요일,경상남도 창원시 의창구 동읍,경상사고,0,0,1,0,차대사람 - 횡단중,안전운전불이행,포장 - 건조,맑음,교차로 - 교차로안,화물,남,62세,상해없음,보행자,남,63세,경상
6402,2020070200100483,2020년 7월 2일 18시,목요일,경상남도 거제시 양정동,경상사고,0,0,1,0,차대사람 - 기타,안전운전불이행,포장 - 건조,맑음,단일로 - 교량,승용,남,64세,상해없음,보행자,남,45세,경상
6403,2020070200100590,2020년 7월 2일 22시,목요일,경상남도 창원시 마산합포구 부림동,경상사고,0,0,1,0,차대사람 - 차도통행중,안전운전불이행,포장 - 건조,맑음,단일로 - 기타,승합,남,37세,상해없음,보행자,남,62세,경상
6404,2020070300100164,2020년 7월 3일 09시,금요일,경상남도 양산시 소주동,중상사고,0,1,0,0,차대사람 - 기타,보행자보호의무위반,포장 - 건조,흐림,교차로 - 교차로횡단보도내,화물,남,61세,상해없음,보행자,여,73세,중상
6405,2020070300100226,2020년 7월 3일 11시,금요일,경상남도 진주시 장대동,경상사고,0,0,1,0,차대사람 - 횡단중,안전운전불이행,포장 - 젖음/습기,비,교차로 - 교차로안,승합,남,69세,상해없음,보행자,남,51세,경상
6406,2020070300100354,2020년 7월 3일 15시,금요일,경상남도 밀양시 산외면,중상사고,0,1,0,0,차대사람 - 횡단중,안전운전불이행,포장 - 건조,맑음,교차로 - 교차로안,승용,여,54세,상해없음,보행자,여,73세,중상
6407,2020070300100356,2020년 7월 3일 15시,금요일,경상남도 남해군 창선면,경상사고,0,0,1,0,차대사람 - 기타,안전운전불이행,포장 - 젖음/습기,맑음,단일로 - 기타,승용,남,84세,상해없음,보행자,남,33세,경상
6408,2020070300100391,2020년 7월 3일 16시,금요일,경상남도 김해시 삼정동,경상사고,0,0,1,0,차대사람 - 기타,안전운전불이행,포장 - 건조,맑음,단일로 - 기타,승용,여,21세,상해없음,보행자,남,62세,경상
6409,2020070300100392,2020년 7월 3일 16시,금요일,경상남도 창원시 성산구 천선동,중상사고,0,1,0,0,차대사람 - 기타,안전운전불이행,포장 - 건조,맑음,교차로 - 교차로안,승용,남,63세,상해없음,보행자,여,57세,중상
6410,2020070300100564,2020년 7월 3일 20시,금요일,경상남도 진주시 하대동,중상사고,0,1,0,0,차대사람 - 횡단중,보행자보호의무위반,포장 - 젖음/습기,비,단일로 - 기타,원동기,남,18세,상해없음,보행자,여,75세,중상
6411,2020070300100565,2020년 7월 3일 20시,금요일,경상남도 진주시 중안동,중상사고,0,1,0,0,차대사람 - 기타,안전운전불이행,포장 - 젖음/습기,비,교차로 - 교차로안,화물,남,65세,기타불명,보행자,여,25세,중상
6412,2020070300100651,2020년 7월 3일 22시,금요일,경상남도 사천시 사천읍,경상사고,0,0,1,0,차대사람 - 기타,보행자보호의무위반,포장 - 젖음/습기,비,교차로 - 교차로안,승용,남,29세,상해없음,보행자,남,54세,경상
6413,2020070400100102,2020년 7월 4일 05시,토요일,경상남도 창원시 성산구 상남동,중상사고,0,1,0,0,차대사람 - 횡단중,보행자보호의무위반,포장 - 건조,맑음,교차로 - 교차로횡단보도내,승용,남,31세,상해없음,보행자,남,51세,중상
6414,2020070400100121,2020년 7월 4일 06시,토요일,경상남도 진주시 신안동,중상사고,0,1,0,0,차대사람 - 횡단중,안전운전불이행,포장 - 건조,맑음,단일로 - 기타,화물,남,72세,상해없음,보행자,여,71세,중상
6415,2020070400100155,2020년 7월 4일 08시,토요일,경상남도 창원시 마산회원구 석전동,경상사고,0,0,1,0,차대사람 - 횡단중,보행자보호의무위반,포장 - 건조,맑음,교차로 - 교차로횡단보도내,화물,남,53세,상해없음,보행자,여,17세,경상
6416,2020070400100311,2020년 7월 4일 13시,토요일,경상남도 창원시 마산회원구 합성동,경상사고,0,0,3,0,차대사람 - 횡단중,보행자보호의무위반,포장 - 건조,맑음,단일로 - 기타,승용,남,65세,상해없음,보행자,여,38세,경상
6417,2020070400100393,2020년 7월 4일 15시,토요일,경상남도 김해시 전하동,경상사고,0,0,1,0,차대사람 - 기타,안전운전불이행,포장 - 건조,맑음,단일로 - 기타,자전거,남,50세,경상,보행자,남,12세,상해없음
6418,2020070400100467,2020년 7월 4일 17시,토요일,경상남도 창원시 마산회원구 내서읍,경상사고,0,0,1,0,차대사람 - 횡단중,안전운전불이행,포장 - 건조,맑음,교차로 - 교차로안,승용,여,47세,상해없음,보행자,여,48세,경상
6419,2020070400100506,2020년 7월 4일 18시,토요일,경상남도 창원시 의창구 사림동,경상사고,0,0,1,0,차대사람 - 차도통행중,안전운전불이행,포장 - 젖음/습기,비,단일로 - 기타,승용,남,24세,상해없음,보행자,남,36세,경상
6420,2020070400100561,2020년 7월 4일 20시,토요일,경상남도 김해시 외동,중상사고,0,2,0,0,차대사람 - 횡단중,신호위반,포장 - 건조,맑음,단일로 - 기타,이륜,남,47세,상해없음,보행자,남,56세,중상
6421,2020070400100562,2020년 7월 4일 20시,토요일,경상남도 양산시 남부동,경상사고,0,0,1,0,차대사람 - 기타,안전운전불이행,포장 - 건조,맑음,교차로 - 교차로안,승용,남,51세,상해없음,보행자,남,5세,경상
6422,2020070400100598,2020년 7월 4일 21시,토요일,경상남도 창원시 진해구 충무동,중상사고,0,1,0,0,차대사람 - 횡단중,보행자보호의무위반,포장 - 건조,맑음,교차로 - 교차로횡단보도내,승합,남,59세,상해없음,보행자,여,60세,중상
6423,2020070400100621,2020년 7월 4일 22시,토요일,경상남도 거제시 옥포동,중상사고,0,1,0,0,차대사람 - 횡단중,보행자보호의무위반,포장 - 건조,맑음,교차로 - 교차로횡단보도내,승용,여,46세,상해없음,보행자,남,55세,중상
6424,2020070400100647,2020년 7월 4일 23시,토요일,경상남도 창원시 마산회원구 구암동,경상사고,0,0,1,0,차대사람 - 횡단중,안전운전불이행,포장 - 건조,맑음,교차로 - 교차로안,이륜,남,23세,상해없음,보행자,여,49세,경상
6425,2020070500100042,2020년 7월 5일 02시,일요일,경상남도 거제시 고현동,중상사고,0,1,0,0,차대사람 - 차도통행중,안전운전불이행,포장 - 건조,맑음,교차로 - 교차로안,승용,남,37세,상해없음,보행자,남,32세,중상
6426,2020070500100418,2020년 7월 5일 21시,일요일,경상남도 창원시 의창구 용호동,중상사고,0,1,0,0,차대사람 - 기타,교차로운행방법위반,포장 - 건조,맑음,교차로 - 교차로안,승용,남,23세,상해없음,보행자,여,22세,중상
6427,2020070500100443,2020년 7월 5일 22시,일요일,경상남도 거제시 능포동,사망사고,1,0,0,0,차대사람 - 기타,안전운전불이행,포장 - 건조,맑음,교차로 - 교차로부근,승용,남,39세,상해없음,보행자,남,60세,사망
6428,2020070600100106,2020년 7월 6일 08시,월요일,경상남도 창원시 진해구 여좌동,중상사고,0,1,0,0,차대사람 - 차도통행중,안전운전불이행,포장 - 건조,맑음,교차로 - 교차로부근,승용,남,41세,상해없음,보행자,여,13세,중상
6429,2020070600100108,2020년 7월 6일 08시,월요일,경상남도 창원시 마산회원구 봉암동,중상사고,0,1,0,0,차대사람 - 길가장자리구역통행중,안전운전불이행,포장 - 건조,맑음,교차로 - 교차로부근,승합,남,59세,상해없음,보행자,여,17세,중상
6430,2020070600100316,2020년 7월 6일 14시,월요일,경상남도 창원시 마산합포구 서성동,경상사고,0,0,1,0,차대사람 - 기타,안전운전불이행,포장 - 건조,맑음,교차로 - 교차로부근,승용,남,65세,상해없음,보행자,여,45세,경상
6431,2020070600100319,2020년 7월 6일 14시,월요일,경상남도 김해시 부곡동,중상사고,0,1,0,0,차대사람 - 기타,안전운전불이행,포장 - 건조,맑음,교차로 - 교차로부근,이륜,남,17세,상해없음,보행자,여,41세,중상
6432,2020070600100382,2020년 7월 6일 16시,월요일,경상남도 창원시 마산합포구 서성동,부상신고사고,0,0,0,1,차대사람 - 길가장자리구역통행중,안전운전불이행,포장 - 건조,흐림,단일로 - 기타,승용,남,36세,상해없음,보행자,남,46세,부상신고
6433,2020070600100383,2020년 7월 6일 16시,월요일,경상남도 진주시 본성동,중상사고,0,1,0,0,차대사람 - 횡단중,안전운전불이행,포장 - 건조,맑음,단일로 - 기타,승용,남,34세,상해없음,보행자,남,67세,중상
6434,2020070600100385,2020년 7월 6일 16시,월요일,경상남도 김해시 삼정동,중상사고,0,1,0,0,차대사람 - 기타,안전운전불이행,포장 - 건조,흐림,교차로 - 교차로부근,승용,여,59세,상해없음,보행자,남,61세,중상
6435,2020070600100416,2020년 7월 6일 17시,월요일,경상남도 김해시 흥동,경상사고,0,0,1,0,차대사람 - 기타,안전운전불이행,포장 - 건조,맑음,교차로 - 교차로부근,기타불명,기타불명,미분류,기타불명,보행자,여,51세,경상
6436,2020070600100576,2020년 7월 6일 23시,월요일,경상남도 창원시 성산구 상남동,중상사고,0,1,0,0,차대사람 - 기타,안전운전불이행,포장 - 건조,맑음,교차로 - 교차로안,승용,여,49세,상해없음,보행자,여,22세,중상
6437,2020070700100074,2020년 7월 7일 07시,화요일,경상남도 창원시 마산합포구 남성동,경상사고,0,0,1,0,차대사람 - 기타,안전운전불이행,포장 - 건조,맑음,단일로 - 기타,원동기,남,51세,상해없음,보행자,여,38세,경상
6438,2020070700100195,2020년 7월 7일 11시,화요일,경상남도 진주시 일반성면,경상사고,0,0,1,0,차대사람 - 보도통행중,안전운전불이행,포장 - 건조,맑음,단일로 - 기타,화물,남,59세,상해없음,보행자,여,80세,경상
6439,2020070700100198,2020년 7월 7일 11시,화요일,경상남도 양산시 북부동,부상신고사고,0,0,0,1,차대사람 - 차도통행중,안전운전불이행,포장 - 건조,맑음,단일로 - 기타,승용,남,72세,상해없음,보행자,남,64세,부상신고
6440,2020070700100199,2020년 7월 7일 11시,화요일,경상남도 의령군 의령읍,경상사고,0,0,1,0,차대사람 - 차도통행중,중앙선침범,포장 - 건조,맑음,교차로 - 교차로부근,화물,남,51세,상해없음,보행자,여,78세,경상
6441,2020070700100363,2020년 7월 7일 16시,화요일,경상남도 창원시 마산회원구 내서읍,중상사고,0,1,0,0,차대사람 - 횡단중,안전운전불이행,포장 - 건조,맑음,단일로 - 기타,승용,여,52세,상해없음,보행자,남,5세,중상
6442,2020070700100465,2020년 7월 7일 18시,화요일,경상남도 고성군 회화면,사망사고,1,1,0,0,차대사람 - 횡단중,과속,포장 - 건조,맑음,단일로 - 기타,이륜,남,21세,상해없음,보행자,여,83세,사망
6443,2020070800100078,2020년 7월 8일 07시,수요일,경상남도 양산시 물금읍,경상사고,0,0,1,0,차대사람 - 기타,안전운전불이행,포장 - 건조,맑음,주차장 - 주차장,승용,남,46세,상해없음,보행자,여,41세,경상
6444,2020070800100211,2020년 7월 8일 11시,수요일,경상남도 거창군 마리면,중상사고,0,1,0,0,차대사람 - 기타,안전운전불이행,포장 - 건조,맑음,단일로 - 기타,승용,남,61세,상해없음,보행자,여,54세,중상
6445,2020070800100213,2020년 7월 8일 11시,수요일,경상남도 창원시 성산구 상남동,경상사고,0,0,1,0,차대사람 - 기타,안전운전불이행,포장 - 건조,맑음,교차로 - 교차로부근,승용,남,65세,상해없음,보행자,남,49세,경상
6446,2020070800100249,2020년 7월 8일 12시,수요일,경상남도 사천시 벌리동,중상사고,0,1,0,0,차대사람 - 횡단중,안전운전불이행,포장 - 건조,맑음,교차로 - 교차로부근,승용,여,71세,상해없음,보행자,남,77세,중상
6447,2020070800100276,2020년 7월 8일 13시,수요일,경상남도 통영시 무전동,경상사고,0,0,1,0,차대사람 - 차도통행중,안전운전불이행,포장 - 건조,맑음,교차로 - 교차로부근,승용,남,68세,상해없음,보행자,여,65세,경상
6448,2020070800100277,2020년 7월 8일 13시,수요일,경상남도 김해시 삼정동,중상사고,0,1,0,0,차대사람 - 횡단중,보행자보호의무위반,포장 - 건조,맑음,교차로 - 교차로횡단보도내,승용,여,38세,상해없음,보행자,여,69세,중상
6449,2020070900100059,2020년 7월 9일 05시,목요일,경상남도 창원시 성산구 상남동,경상사고,0,0,1,0,차대사람 - 기타,안전운전불이행,포장 - 건조,맑음,교차로 - 교차로부근,승용,남,73세,상해없음,보행자,남,27세,경상
6450,2020070900100193,2020년 7월 9일 10시,목요일,경상남도 사천시 동동,경상사고,0,0,1,0,차대사람 - 기타,안전운전불이행,포장 - 건조,맑음,단일로 - 기타,승용,남,68세,상해없음,보행자,여,79세,경상