,사고번호,사고일시,요일,시군구,사고내용,사망자수,중상자수,경상자수,부상신고자수,사고유형,법규위반,노면상태,기상상태,도로형태,가해운전자 차종,가해운전자 성별,가해운전자 연령,가해운전자 상해정도,피해운전자 차종,피해운전자 성별,피해운전자 연령,피해운전자 상해정도
6668,2020081500100116,2020년 8월 15일 07시,토요일,경상남도 창원시 진해구 마천동,경상사고,0,0,1,0,차대사람 - 횡단중,안전운전불이행,포장 - 건조,맑음,교차로 - 교차로횡단보도내,승용,여,61세,상해없음,보행자,여,77세,경상
6669,2020081500100144,2020년 8월 15일 09시,토요일,경상남도 함양군 함양읍,중상사고,0,1,0,0,차대사람 - 기타,안전운전불이행,포장 - 건조,맑음,교차로 - 교차로부근,승용,남,48세,상해없음,보행자,여,91세,중상
6670,2020081500100274,2020년 8월 15일 13시,토요일,경상남도 합천군 합천읍,경상사고,0,0,1,0,차대사람 - 기타,안전운전불이행,포장 - 건조,맑음,교차로 - 교차로부근,승용,남,62세,상해없음,보행자,남,61세,경상
6671,2020081500100331,2020년 8월 15일 15시,토요일,경상남도 양산시 중부동,경상사고,0,0,1,0,차대사람 - 차도통행중,안전운전불이행,포장 - 건조,맑음,교차로 - 교차로부근,승용,남,55세,상해없음,보행자,여,31세,경상
6672,2020081500100395,2020년 8월 15일 17시,토요일,경상남도 김해시 삼방동,중상사고,0,1,0,0,차대사람 - 기타,안전운전불이행,포장 - 건조,맑음,교차로 - 교차로부근,승용,남,50세,상해없음,보행자,남,80세,중상
6673,2020081500100520,2020년 8월 15일 21시,토요일,경상남도 창원시 마산합포구 해운동,중상사고,0,1,1,0,차대사람 - 횡단중,신호위반,포장 - 건조,맑음,교차로 - 교차로안,이륜,남,28세,중상,보행자,남,40세,경상
6674,2020081500100540,2020년 8월 15일 22시,토요일,경상남도 창원시 진해구 제황산동,중상사고,0,1,0,0,차대사람 - 횡단중,안전운전불이행,포장 - 건조,맑음,교차로 - 교차로안,화물,남,43세,상해없음,보행자,여,65세,중상
6675,2020081500100542,2020년 8월 15일 22시,토요일,경상남도 창원시 마산회원구 석전동,중상사고,0,1,0,0,차대사람 - 횡단중,안전운전불이행,포장 - 건조,맑음,교차로 - 교차로횡단보도내,승용,여,48세,상해없음,보행자,남,27세,중상
6676,2020081600100010,2020년 8월 16일 00시,일요일,경상남도 창원시 마산합포구 중앙동2가,중상사고,0,1,0,0,차대사람 - 횡단중,안전운전불이행,포장 - 건조,맑음,교차로 - 교차로안,승용,남,68세,상해없음,보행자,남,45세,중상
6677,2020081600100011,2020년 8월 16일 00시,일요일,경상남도 진주시 가좌동,중상사고,0,2,0,0,차대사람 - 횡단중,안전운전불이행,포장 - 건조,맑음,교차로 - 교차로안,승용,남,60세,상해없음,보행자,여,21세,중상
6678,2020081600100012,2020년 8월 16일 00시,일요일,경상남도 밀양시 내이동,부상신고사고,0,0,0,1,차대사람 - 길가장자리구역통행중,안전운전불이행,포장 - 건조,맑음,교차로 - 교차로부근,승용,남,49세,상해없음,보행자,남,46세,부상신고
6679,2020081600100126,2020년 8월 16일 09시,일요일,경상남도 밀양시 단장면,경상사고,0,0,1,0,차대사람 - 길가장자리구역통행중,안전운전불이행,포장 - 건조,맑음,단일로 - 기타,승용,남,61세,상해없음,보행자,남,48세,경상
6680,2020081600100192,2020년 8월 16일 12시,일요일,경상남도 김해시 삼계동,중상사고,0,1,0,0,차대사람 - 기타,안전운전불이행,포장 - 건조,맑음,기타 - 기타,자전거,남,13세,상해없음,보행자,남,87세,중상
6681,2020081600100293,2020년 8월 16일 15시,일요일,경상남도 거제시 하청면,경상사고,0,0,1,0,차대사람 - 기타,보행자보호의무위반,포장 - 건조,맑음,교차로 - 교차로횡단보도내,승용,남,64세,상해없음,보행자,남,35세,경상
6682,2020081600100431,2020년 8월 16일 19시,일요일,경상남도 통영시 태평동,중상사고,0,1,0,0,차대사람 - 차도통행중,안전운전불이행,포장 - 건조,맑음,교차로 - 교차로부근,승용,남,58세,상해없음,보행자,여,76세,중상
6683,2020081600100432,2020년 8월 16일 19시,일요일,경상남도 고성군 고성읍,중상사고,0,1,0,0,차대사람 - 기타,안전운전불이행,포장 - 건조,맑음,교차로 - 교차로부근,승용,남,62세,상해없음,보행자,여,47세,중상
6684,2020081600100462,2020년 8월 16일 20시,일요일,경상남도 남해군 남면,부상신고사고,0,0,0,1,차대사람 - 차도통행중,안전운전불이행,포장 - 건조,맑음,단일로 - 기타,화물,남,37세,상해없음,보행자,남,53세,부상신고
6685,2020081700100278,2020년 8월 17일 14시,월요일,경상남도 창원시 의창구 중동,경상사고,0,0,1,0,차대사람 - 횡단중,신호위반,포장 - 건조,맑음,교차로 - 교차로횡단보도내,승용,여,54세,상해없음,보행자,남,4세,경상
6686,2020081700100358,2020년 8월 17일 16시,월요일,경상남도 창원시 마산회원구 석전동,경상사고,0,0,1,0,차대사람 - 횡단중,보행자보호의무위반,포장 - 건조,맑음,교차로 - 교차로횡단보도내,승용,남,41세,상해없음,보행자,남,59세,경상
6687,2020081700100568,2020년 8월 17일 23시,월요일,경상남도 창원시 의창구 봉곡동,경상사고,0,0,1,0,차대사람 - 기타,안전운전불이행,포장 - 건조,맑음,단일로 - 기타,승용,남,51세,상해없음,보행자,남,27세,경상
6688,2020081800100016,2020년 8월 18일 01시,화요일,경상남도 창원시 마산회원구 내서읍,사망사고,1,0,0,0,차대사람 - 보도통행중,안전운전불이행,포장 - 건조,맑음,교차로 - 교차로횡단보도내,승합,남,63세,상해없음,보행자,남,59세,사망
6689,2020081800100043,2020년 8월 18일 05시,화요일,경상남도 사천시 선구동,사망사고,1,0,1,0,차대사람 - 횡단중,보행자보호의무위반,포장 - 건조,맑음,교차로 - 교차로횡단보도내,승용,남,83세,상해없음,보행자,여,77세,사망
6690,2020081800100352,2020년 8월 18일 14시,화요일,경상남도 김해시 서상동,중상사고,0,1,0,0,차대사람 - 기타,안전운전불이행,포장 - 건조,맑음,단일로 - 기타,승합,남,57세,상해없음,보행자,남,73세,중상
6691,2020081800100608,2020년 8월 18일 20시,화요일,경상남도 함양군 안의면,중상사고,0,1,0,0,차대사람 - 차도통행중,보행자보호의무위반,포장 - 건조,맑음,단일로 - 지하차도(도로)내,승용,남,48세,상해없음,보행자,남,5세,중상
6692,2020081800100609,2020년 8월 18일 20시,화요일,경상남도 김해시 진례면,중상사고,0,1,0,0,차대사람 - 기타,안전운전불이행,포장 - 건조,맑음,교차로 - 교차로부근,승용,남,23세,상해없음,보행자,남,62세,중상
6693,2020081800100668,2020년 8월 18일 22시,화요일,경상남도 진주시 호탄동,중상사고,0,1,0,0,차대사람 - 횡단중,안전운전불이행,포장 - 건조,맑음,단일로 - 기타,승용,남,26세,상해없음,보행자,남,18세,중상
6694,2020081900100043,2020년 8월 19일 05시,수요일,경상남도 남해군 미조면,중상사고,0,1,0,0,차대사람 - 차도통행중,안전운전불이행,포장 - 젖음/습기,맑음,단일로 - 기타,승합,남,49세,상해없음,보행자,여,69세,중상
6695,2020081900100056,2020년 8월 19일 06시,수요일,경상남도 거제시 연초면,중상사고,0,1,0,0,차대사람 - 기타,보행자보호의무위반,포장 - 건조,맑음,교차로 - 교차로부근,승용,남,53세,상해없음,보행자,여,52세,중상
6696,2020081900100079,2020년 8월 19일 07시,수요일,경상남도 김해시 삼정동,중상사고,0,1,0,0,차대사람 - 횡단중,보행자보호의무위반,포장 - 건조,맑음,교차로 - 교차로안,승용,여,51세,상해없음,보행자,여,83세,중상
6697,2020081900100209,2020년 8월 19일 11시,수요일,경상남도 함양군 마천면,중상사고,0,1,0,0,차대사람 - 횡단중,안전운전불이행,포장 - 건조,맑음,단일로 - 기타,화물,남,24세,상해없음,보행자,여,63세,중상
6698,2020081900100501,2020년 8월 19일 18시,수요일,경상남도 통영시 중앙동,경상사고,0,0,2,0,차대사람 - 기타,안전운전불이행,포장 - 건조,맑음,교차로 - 교차로부근,화물,남,59세,상해없음,보행자,여,59세,경상
6699,2020081900100505,2020년 8월 19일 18시,수요일,경상남도 창원시 성산구 상남동,중상사고,0,1,0,0,차대사람 - 차도통행중,안전운전불이행,포장 - 건조,맑음,교차로 - 교차로안,승용,남,51세,상해없음,보행자,여,29세,중상
6700,2020082000100252,2020년 8월 20일 12시,목요일,경상남도 양산시 중부동,경상사고,0,0,1,0,차대사람 - 보도통행중,기타,포장 - 건조,맑음,단일로 - 기타,승용,남,63세,상해없음,보행자,남,55세,경상
6701,2020082000100449,2020년 8월 20일 17시,목요일,경상남도 창원시 성산구 상남동,중상사고,0,1,0,0,차대사람 - 차도통행중,안전운전불이행,포장 - 건조,맑음,단일로 - 기타,승용,여,49세,상해없음,보행자,여,61세,중상
6702,2020082000100500,2020년 8월 20일 18시,목요일,경상남도 창원시 마산회원구 합성동,중상사고,0,1,0,0,차대사람 - 횡단중,신호위반,포장 - 건조,맑음,교차로 - 교차로횡단보도내,원동기,남,48세,상해없음,보행자,여,50세,중상
6703,2020082000100540,2020년 8월 20일 19시,목요일,경상남도 거창군 거창읍,중상사고,0,1,0,0,차대사람 - 횡단중,안전운전불이행,포장 - 건조,맑음,교차로 - 교차로안,승용,남,51세,상해없음,보행자,여,66세,중상
6704,2020082000100612,2020년 8월 20일 22시,목요일,경상남도 함양군 함양읍,경상사고,0,0,1,0,차대사람 - 차도통행중,안전운전불이행,포장 - 건조,맑음,단일로 - 기타,승용,남,20세,상해없음,보행자,남,27세,경상
6705,2020082100100108,2020년 8월 21일 08시,금요일,경상남도 남해군 창선면,중상사고,0,1,0,0,차대사람 - 횡단중,안전운전불이행,포장 - 건조,흐림,단일로 - 기타,승용,남,44세,상해없음,보행자,남,51세,중상
6706,2020082100100168,2020년 8월 21일 10시,금요일,경상남도 양산시 물금읍,경상사고,0,0,1,0,차대사람 - 기타,안전운전불이행,포장 - 건조,맑음,교차로 - 교차로부근,승용,여,77세,상해없음,보행자,남,77세,경상
6707,2020082100100200,2020년 8월 21일 11시,금요일,경상남도 통영시 명정동,중상사고,0,1,0,0,차대사람 - 횡단중,보행자보호의무위반,포장 - 건조,맑음,단일로 - 기타,화물,남,69세,상해없음,보행자,남,52세,중상
6708,2020082100100261,2020년 8월 21일 13시,금요일,경상남도 김해시 삼정동,중상사고,0,1,0,0,차대사람 - 기타,안전운전불이행,포장 - 건조,맑음,교차로 - 교차로안,승용,남,77세,상해없음,보행자,여,80세,중상
6709,2020082100100372,2020년 8월 21일 16시,금요일,경상남도 창원시 성산구 상남동,경상사고,0,0,1,0,차대사람 - 보도통행중,안전운전불이행,포장 - 건조,맑음,기타 - 기타,승용,남,52세,상해없음,보행자,여,72세,경상
6710,2020082100100571,2020년 8월 21일 21시,금요일,경상남도 김해시 삼계동,중상사고,0,1,1,0,차대사람 - 횡단중,안전운전불이행,포장 - 건조,맑음,단일로 - 기타,이륜,남,20세,중상,보행자,여,13세,경상
6711,2020082100100616,2020년 8월 21일 23시,금요일,경상남도 창원시 진해구 석동,경상사고,0,0,1,0,차대사람 - 기타,안전운전불이행,포장 - 건조,맑음,교차로 - 교차로부근,승용,남,56세,상해없음,보행자,여,27세,경상
6712,2020082200100116,2020년 8월 22일 08시,토요일,경상남도 김해시 봉황동,경상사고,0,0,1,0,차대사람 - 기타,안전운전불이행,포장 - 건조,맑음,단일로 - 기타,승합,남,70세,상해없음,보행자,남,50세,경상
6713,2020082200100205,2020년 8월 22일 11시,토요일,경상남도 창원시 성산구 사파동,중상사고,0,1,0,0,차대사람 - 기타,안전운전불이행,포장 - 건조,맑음,단일로 - 기타,승용,여,53세,상해없음,보행자,여,51세,중상
6714,2020082200100241,2020년 8월 22일 12시,토요일,경상남도 거제시 일운면,중상사고,0,1,0,0,차대사람 - 기타,안전운전불이행,포장 - 건조,맑음,단일로 - 기타,승합,남,63세,상해없음,보행자,남,8세,중상
6715,2020082200100277,2020년 8월 22일 13시,토요일,경상남도 진주시 평거동,중상사고,0,1,0,0,차대사람 - 횡단중,보행자보호의무위반,포장 - 건조,맑음,단일로 - 기타,승용,남,63세,상해없음,보행자,여,10세,중상
6716,2020082200100306,2020년 8월 22일 14시,토요일,경상남도 양산시 삼호동,경상사고,0,0,1,0,차대사람 - 횡단중,신호위반,포장 - 건조,맑음,교차로 - 교차로안,이륜,남,21세,상해없음,보행자,남,73세,경상
6717,2020082200100359,2020년 8월 22일 15시,토요일,경상남도 김해시 서상동,중상사고,0,1,0,0,차대사람 - 기타,안전운전불이행,포장 - 건조,맑음,단일로 - 기타,승용,남,68세,상해없음,보행자,여,51세,중상
6718,2020082300100060,2020년 8월 23일 04시,일요일,경상남도 진주시 장대동,경상사고,0,0,1,0,차대사람 - 차도통행중,안전운전불이행,포장 - 건조,맑음,단일로 - 기타,승용,남,69세,상해없음,보행자,남,31세,경상
6719,2020082300100090,2020년 8월 23일 08시,일요일,경상남도 통영시 광도면,중상사고,0,1,0,0,차대사람 - 기타,안전운전불이행,포장 - 건조,맑음,기타 - 기타,자전거,남,40세,상해없음,보행자,여,37세,중상
6720,2020082300100118,2020년 8월 23일 10시,일요일,경상남도 진주시 칠암동,중상사고,0,1,0,0,차대사람 - 기타,안전운전불이행,포장 - 건조,맑음,단일로 - 기타,자전거,남,51세,상해없음,보행자,여,8세,중상
6721,2020082300100182,2020년 8월 23일 13시,일요일,경상남도 진주시 상대동,중상사고,0,1,0,0,차대사람 - 기타,안전운전불이행,포장 - 건조,맑음,단일로 - 기타,승용,남,60세,상해없음,보행자,여,64세,중상
6722,2020082300100282,2020년 8월 23일 16시,일요일,경상남도 밀양시 삼문동,중상사고,0,1,0,0,차대사람 - 횡단중,보행자보호의무위반,포장 - 건조,맑음,교차로 - 교차로안,승용,여,48세,상해없음,보행자,여,84세,중상
6723,2020082300100370,2020년 8월 23일 19시,일요일,경상남도 양산시 물금읍,중상사고,0,1,0,0,차대사람 - 기타,안전운전불이행,포장 - 건조,맑음,단일로 - 기타,승합,남,40세,상해없음,보행자,남,68세,중상
6724,2020082300100455,2020년 8월 23일 23시,일요일,경상남도 김해시 안동,중상사고,0,1,0,0,차대사람 - 기타,안전운전불이행,포장 - 건조,맑음,단일로 - 기타,승용,여,45세,상해없음,보행자,남,75세,중상
6725,2020082300100456,2020년 8월 23일 23시,일요일,경상남도 거제시 고현동,경상사고,0,0,1,0,차대사람 - 길가장자리구역통행중,안전운전불이행,포장 - 젖음/습기,흐림,교차로 - 교차로안,승용,남,45세,상해없음,보행자,남,27세,경상
6726,2020082400100156,2020년 8월 24일 09시,월요일,경상남도 밀양시 삼문동,경상사고,0,0,1,0,차대사람 - 기타,안전운전불이행,포장 - 건조,맑음,기타 - 기타,승용,여,60세,상해없음,보행자,여,88세,경상
6727,2020082400100280,2020년 8월 24일 13시,월요일,경상남도 창원시 성산구 상남동,경상사고,0,0,1,0,차대사람 - 횡단중,보행자보호의무위반,포장 - 건조,맑음,교차로 - 교차로안,승용,여,45세,상해없음,보행자,남,44세,경상
6728,2020082400100281,2020년 8월 24일 13시,월요일,경상남도 창원시 의창구 서상동,경상사고,0,0,1,0,차대사람 - 기타,안전운전불이행,포장 - 건조,맑음,단일로 - 기타,화물,남,52세,상해없음,보행자,남,33세,경상
6729,2020082400100320,2020년 8월 24일 14시,월요일,경상남도 창원시 마산회원구 양덕동,중상사고,0,1,0,0,차대사람 - 횡단중,보행자보호의무위반,포장 - 건조,맑음,교차로 - 교차로안,승용,남,37세,상해없음,보행자,여,64세,중상
6730,2020082400100414,2020년 8월 24일 16시,월요일,경상남도 진주시 상봉동,경상사고,0,0,1,0,차대사람 - 횡단중,보행자보호의무위반,포장 - 건조,맑음,단일로 - 기타,승용,여,63세,상해없음,보행자,여,18세,경상
6731,2020082500100117,2020년 8월 25일 08시,화요일,경상남도 거창군 거창읍,중상사고,0,1,0,0,차대사람 - 횡단중,보행자보호의무위반,포장 - 젖음/습기,맑음,단일로 - 기타,개인형이동수단(PM),남,28세,상해없음,보행자,여,51세,중상
6732,2020082500100229,2020년 8월 25일 11시,화요일,경상남도 진주시 칠암동,중상사고,0,1,0,0,차대사람 - 횡단중,신호위반,포장 - 건조,맑음,교차로 - 교차로횡단보도내,승용,여,44세,상해없음,보행자,여,54세,중상
6733,2020082500100230,2020년 8월 25일 11시,화요일,경상남도 통영시 봉평동,중상사고,0,1,0,0,차대사람 - 기타,안전운전불이행,포장 - 건조,맑음,교차로 - 교차로안,승용,남,54세,상해없음,보행자,남,84세,중상
6734,2020082500100269,2020년 8월 25일 12시,화요일,경상남도 진주시 평거동,경상사고,0,0,1,0,차대사람 - 기타,안전운전불이행,포장 - 건조,맑음,단일로 - 기타,승용,여,51세,상해없음,보행자,여,31세,경상
6735,2020082500100341,2020년 8월 25일 14시,화요일,경상남도 거제시 사등면,중상사고,0,1,0,0,차대사람 - 횡단중,안전운전불이행,포장 - 건조,맑음,교차로 - 교차로안,화물,남,40세,상해없음,보행자,여,80세,중상
6736,2020082500100543,2020년 8월 25일 19시,화요일,경상남도 창원시 진해구 자은동,중상사고,0,1,0,0,차대사람 - 기타,안전운전불이행,포장 - 건조,맑음,교차로 - 교차로안,승용,여,26세,상해없음,보행자,여,68세,중상
6737,2020082500100572,2020년 8월 25일 20시,화요일,경상남도 진주시 호탄동,경상사고,0,0,1,0,차대사람 - 기타,안전운전불이행,포장 - 건조,맑음,단일로 - 기타,승용,남,59세,상해없음,보행자,남,46세,경상
6738,2020082500100574,2020년 8월 25일 20시,화요일,경상남도 함양군 안의면,중상사고,0,1,0,0,차대사람 - 길가장자리구역통행중,안전운전불이행,포장 - 건조,맑음,단일로 - 지하차도(도로)내,화물,남,51세,상해없음,보행자,여,67세,중상
6739,2020082600100216,2020년 8월 26일 12시,수요일,경상남도 통영시 미수동,경상사고,0,0,1,0,차대사람 - 길가장자리구역통행중,안전운전불이행,포장 - 건조,맑음,단일로 - 기타,승용,남,52세,상해없음,보행자,남,16세,경상
6740,2020082600100217,2020년 8월 26일 12시,수요일,경상남도 사천시 정동면,경상사고,0,0,1,0,차대사람 - 횡단중,보행자보호의무위반,포장 - 건조,맑음,교차로 - 교차로안,승용,남,56세,상해없음,보행자,여,82세,경상
6741,2020082700100167,2020년 8월 27일 10시,목요일,경상남도 창원시 진해구 태평동,중상사고,0,1,0,0,차대사람 - 횡단중,보행자보호의무위반,포장 - 건조,맑음,교차로 - 교차로안,승합,남,40세,상해없음,보행자,여,65세,중상
6742,2020082700100277,2020년 8월 27일 14시,목요일,경상남도 창원시 마산합포구 월영동,경상사고,0,0,1,0,차대사람 - 기타,안전운전불이행,포장 - 건조,맑음,단일로 - 기타,원동기,남,35세,상해없음,보행자,여,43세,경상
6743,2020082700100321,2020년 8월 27일 15시,목요일,경상남도 남해군 창선면,사망사고,1,0,0,0,차대사람 - 차도통행중,안전운전불이행,포장 - 건조,흐림,단일로 - 기타,화물,남,61세,상해없음,보행자,남,78세,사망
6744,2020082800100054,2020년 8월 28일 05시,금요일,경상남도 창원시 마산합포구 장군동3가,경상사고,0,0,1,0,차대사람 - 차도통행중,안전운전불이행,포장 - 젖음/습기,비,교차로 - 교차로부근,승용,남,30세,상해없음,보행자,여,79세,경상
6745,2020082800100109,2020년 8월 28일 08시,금요일,경상남도 통영시 북신동,경상사고,0,0,1,0,차대사람 - 횡단중,보행자보호의무위반,포장 - 젖음/습기,비,단일로 - 기타,승용,남,53세,상해없음,보행자,여,66세,경상
6746,2020082800100391,2020년 8월 28일 16시,금요일,경상남도 사천시 동동,중상사고,0,1,0,0,차대사람 - 기타,안전운전불이행,포장 - 건조,맑음,단일로 - 기타,화물,남,58세,상해없음,보행자,여,79세,중상
6747,2020082900100119,2020년 8월 29일 08시,토요일,경상남도 김해시 내동,중상사고,0,1,0,0,차대사람 - 횡단중,보행자보호의무위반,포장 - 건조,맑음,단일로 - 기타,화물,남,46세,상해없음,보행자,남,28세,중상
6748,2020082900100431,2020년 8월 29일 18시,토요일,경상남도 창원시 성산구 상남동,중상사고,0,1,0,0,차대사람 - 횡단중,보행자보호의무위반,포장 - 건조,맑음,단일로 - 기타,이륜,남,37세,상해없음,보행자,여,59세,중상
6749,2020082900100432,2020년 8월 29일 18시,토요일,경상남도 창원시 의창구 봉곡동,경상사고,0,0,1,0,차대사람 - 기타,안전운전불이행,포장 - 건조,맑음,단일로 - 기타,승용,남,49세,상해없음,보행자,여,56세,경상
6750,2020082900100472,2020년 8월 29일 19시,토요일,경상남도 사천시 벌리동,경상사고,0,0,2,0,차대사람 - 차도통행중,안전운전불이행,포장 - 건조,맑음,교차로 - 교차로안,승용,여,23세,상해없음,보행자,남,64세,경상
6751,2020083000100356,2020년 8월 30일 19시,일요일,경상남도 통영시 산양읍,중상사고,0,1,0,0,차대사람 - 차도통행중,과속,포장 - 건조,맑음,기타 - 기타,승용,남,47세,상해없음,보행자,남,75세,중상
6752,2020083000100441,2020년 8월 30일 23시,일요일,경상남도 고성군 고성읍,중상사고,0,1,0,0,차대사람 - 횡단중,보행자보호의무위반,포장 - 건조,맑음,단일로 - 기타,승용,여,35세,상해없음,보행자,남,51세,중상
6753,2020090100100124,2020년 9월 1일 09시,화요일,경상남도 창원시 마산합포구 산호동,경상사고,0,0,1,0,차대사람 - 기타,안전운전불이행,포장 - 건조,흐림,단일로 - 기타,승합,남,49세,상해없음,보행자,여,71세,경상
6754,2020090100100173,2020년 9월 1일 11시,화요일,경상남도 김해시 삼계동,경상사고,0,0,1,0,차대사람 - 횡단중,안전운전불이행,포장 - 건조,맑음,단일로 - 기타,승용,여,44세,상해없음,보행자,남,13세,경상
6755,2020090100100230,2020년 9월 1일 13시,화요일,경상남도 함안군 대산면,부상신고사고,0,0,0,1,차대사람 - 길가장자리구역통행중,안전운전불이행,포장 - 건조,맑음,교차로 - 교차로부근,승용,여,53세,상해없음,보행자,여,80세,부상신고
6756,2020090100100231,2020년 9월 1일 13시,화요일,경상남도 창원시 마산회원구 내서읍,중상사고,0,1,1,0,차대사람 - 횡단중,보행자보호의무위반,포장 - 건조,맑음,교차로 - 교차로안,승용,여,48세,상해없음,보행자,여,7세,중상
6757,2020090100100266,2020년 9월 1일 14시,화요일,경상남도 창원시 성산구 대방동,경상사고,0,0,1,0,차대사람 - 보도통행중,기타,포장 - 건조,맑음,단일로 - 기타,원동기,남,20세,상해없음,보행자,여,32세,경상
6758,2020090100100333,2020년 9월 1일 16시,화요일,경상남도 창원시 진해구 안골동,경상사고,0,0,1,0,차대사람 - 기타,안전운전불이행,포장 - 건조,맑음,단일로 - 기타,승용,남,57세,상해없음,보행자,여,36세,경상
6759,2020090100100387,2020년 9월 1일 17시,화요일,경상남도 창원시 의창구 동읍,중상사고,0,1,0,0,차대사람 - 횡단중,안전운전불이행,포장 - 건조,맑음,교차로 - 교차로안,원동기,남,26세,상해없음,보행자,여,72세,중상
6760,2020090100100388,2020년 9월 1일 17시,화요일,경상남도 창원시 의창구 소계동,중상사고,0,1,0,0,차대사람 - 기타,안전운전불이행,포장 - 건조,맑음,단일로 - 기타,승용,남,35세,상해없음,보행자,남,53세,중상
6761,2020090100100421,2020년 9월 1일 18시,화요일,경상남도 거제시 동부면,경상사고,0,0,1,0,차대사람 - 기타,안전운전불이행,포장 - 건조,맑음,단일로 - 기타,승용,남,57세,상해없음,보행자,남,54세,경상
6762,2020090100100456,2020년 9월 1일 19시,화요일,경상남도 고성군 고성읍,경상사고,0,0,1,0,차대사람 - 차도통행중,안전운전불이행,포장 - 건조,맑음,교차로 - 교차로안,승용,여,50세,상해없음,보행자,남,68세,경상
6763,2020090100100457,2020년 9월 1일 19시,화요일,경상남도 창원시 마산회원구 봉암동,사망사고,1,0,0,0,차대사람 - 횡단중,과속,포장 - 건조,흐림,단일로 - 기타,승용,남,58세,상해없음,보행자,여,46세,사망
6764,2020090200100182,2020년 9월 2일 12시,수요일,경상남도 창원시 성산구 상남동,중상사고,0,1,0,0,차대사람 - 차도통행중,안전운전불이행,포장 - 건조,맑음,교차로 - 교차로부근,승용,남,63세,상해없음,보행자,여,46세,중상
6765,2020090200100259,2020년 9월 2일 15시,수요일,경상남도 사천시 동금동,중상사고,0,1,0,0,차대사람 - 횡단중,중앙선침범,포장 - 건조,맑음,단일로 - 기타,자전거,남,63세,상해없음,보행자,여,54세,중상
6766,2020090200100356,2020년 9월 2일 18시,수요일,경상남도 김해시 외동,중상사고,0,1,0,0,차대사람 - 횡단중,신호위반,포장 - 젖음/습기,비,교차로 - 교차로안,이륜,남,44세,상해없음,보행자,여,57세,중상
6767,2020090200100403,2020년 9월 2일 19시,수요일,경상남도 창원시 마산합포구 가포동,중상사고,0,1,0,0,차대사람 - 횡단중,안전운전불이행,포장 - 젖음/습기,비,교차로 - 교차로안,승용,남,50세,상해없음,보행자,남,62세,중상
6768,2020090200100404,2020년 9월 2일 19시,수요일,경상남도 진주시 일반성면,중상사고,0,1,0,0,차대사람 - 차도통행중,안전운전불이행,포장 - 젖음/습기,비,단일로 - 기타,승용,남,65세,상해없음,보행자,여,68세,중상
6769,2020090200100405,2020년 9월 2일 19시,수요일,경상남도 밀양시 내이동,중상사고,0,1,0,0,차대사람 - 횡단중,중앙선침범,포장 - 젖음/습기,비,단일로 - 기타,화물,여,59세,상해없음,보행자,남,61세,중상
6770,2020090200100407,2020년 9월 2일 19시,수요일,경상남도 거제시 옥포동,경상사고,0,0,1,0,차대사람 - 기타,보행자보호의무위반,포장 - 젖음/습기,비,교차로 - 교차로횡단보도내,이륜,남,38세,경상,보행자,남,47세,상해없음
6771,2020090200100457,2020년 9월 2일 20시,수요일,경상남도 밀양시 삼문동,중상사고,0,1,0,0,차대사람 - 횡단중,보행자보호의무위반,포장 - 젖음/습기,비,교차로 - 교차로횡단보도내,승용,남,60세,상해없음,보행자,남,30세,중상
6772,2020090200100458,2020년 9월 2일 20시,수요일,경상남도 양산시 소주동,중상사고,0,1,0,0,차대사람 - 횡단중,보행자보호의무위반,포장 - 젖음/습기,비,단일로 - 기타,승용,남,22세,상해없음,보행자,남,51세,중상
6773,2020090300100134,2020년 9월 3일 09시,목요일,경상남도 거창군 거창읍,경상사고,0,0,1,0,차대사람 - 기타,안전운전불이행,포장 - 건조,맑음,단일로 - 기타,승용,여,40세,상해없음,보행자,여,58세,경상
6774,2020090300100152,2020년 9월 3일 10시,목요일,경상남도 창원시 마산합포구 자산동,경상사고,0,0,1,0,차대사람 - 보도통행중,안전운전불이행,포장 - 건조,맑음,교차로 - 교차로횡단보도내,승용,남,78세,상해없음,보행자,남,71세,경상
6775,2020090300100199,2020년 9월 3일 12시,목요일,경상남도 양산시 중부동,부상신고사고,0,0,0,1,차대사람 - 기타,안전운전불이행,포장 - 건조,맑음,단일로 - 기타,승용,남,72세,상해없음,보행자,여,49세,부상신고
6776,2020090300100223,2020년 9월 3일 13시,목요일,경상남도 김해시 관동동,중상사고,0,1,0,0,차대사람 - 횡단중,신호위반,포장 - 건조,맑음,교차로 - 교차로횡단보도내,이륜,남,17세,기타불명,보행자,여,8세,중상