,사고번호,사고일시,요일,시군구,사고내용,사망자수,중상자수,경상자수,부상신고자수,사고유형,법규위반,노면상태,기상상태,도로형태,가해운전자 차종,가해운전자 성별,가해운전자 연령,가해운전자 상해정도,피해운전자 차종,피해운전자 성별,피해운전자 연령,피해운전자 상해정도
7323,2020112200100259,2020년 11월 22일 16시,일요일,경상남도 창원시 진해구 자은동,경상사고,0,0,1,0,차대사람 - 횡단중,안전운전불이행,포장 - 건조,맑음,교차로 - 교차로부근,승용,여,56세,상해없음,보행자,여,73세,경상
7324,2020112200100321,2020년 11월 22일 18시,일요일,경상남도 진주시 가좌동,경상사고,0,0,1,0,차대사람 - 기타,안전운전불이행,포장 - 건조,맑음,기타 - 기타,승용,여,25세,상해없음,보행자,여,43세,경상
7325,2020112200100322,2020년 11월 22일 18시,일요일,경상남도 밀양시 내이동,경상사고,0,0,1,0,차대사람 - 기타,안전운전불이행,포장 - 건조,맑음,단일로 - 기타,화물,남,43세,상해없음,보행자,여,34세,경상
7326,2020112200100422,2020년 11월 22일 23시,일요일,경상남도 진주시 상평동,경상사고,0,0,1,0,차대사람 - 길가장자리구역통행중,안전운전불이행,포장 - 건조,맑음,단일로 - 기타,승용,여,39세,상해없음,보행자,남,24세,경상
7327,2020112300100010,2020년 11월 23일 00시,월요일,경상남도 창원시 마산합포구 산호동,경상사고,0,0,1,0,차대사람 - 길가장자리구역통행중,안전운전불이행,포장 - 건조,맑음,단일로 - 기타,이륜,남,45세,상해없음,보행자,남,30세,경상
7328,2020112300100113,2020년 11월 23일 08시,월요일,경상남도 창원시 의창구 봉곡동,중상사고,0,1,0,0,차대사람 - 횡단중,안전운전불이행,포장 - 건조,맑음,교차로 - 교차로안,승용,여,53세,상해없음,보행자,남,86세,중상
7329,2020112300100336,2020년 11월 23일 14시,월요일,경상남도 양산시 소주동,중상사고,0,1,0,0,차대사람 - 기타,기타,포장 - 건조,맑음,단일로 - 기타,승합,남,39세,상해없음,보행자,여,77세,중상
7330,2020112300100364,2020년 11월 23일 15시,월요일,경상남도 창원시 진해구 경화동,경상사고,0,0,1,0,차대사람 - 차도통행중,안전운전불이행,포장 - 건조,맑음,단일로 - 기타,승용,여,45세,상해없음,보행자,남,69세,경상
7331,2020112300100402,2020년 11월 23일 16시,월요일,경상남도 거창군 남상면,중상사고,0,1,0,0,차대사람 - 길가장자리구역통행중,안전운전불이행,포장 - 건조,맑음,단일로 - 기타,승용,남,67세,상해없음,보행자,남,69세,중상
7332,2020112300100448,2020년 11월 23일 17시,월요일,경상남도 함양군 함양읍,부상신고사고,0,0,0,1,차대사람 - 차도통행중,안전운전불이행,포장 - 건조,맑음,기타 - 기타,승용,남,36세,상해없음,보행자,남,13세,부상신고
7333,2020112300100584,2020년 11월 23일 21시,월요일,경상남도 진주시 하대동,경상사고,0,0,1,0,차대사람 - 횡단중,신호위반,포장 - 건조,맑음,교차로 - 교차로횡단보도내,이륜,남,51세,상해없음,보행자,여,55세,경상
7334,2020112400100032,2020년 11월 24일 03시,화요일,경상남도 양산시 물금읍,중상사고,0,1,0,0,차대사람 - 횡단중,안전운전불이행,포장 - 건조,맑음,단일로 - 기타,승용,여,61세,상해없음,보행자,남,65세,중상
7335,2020112400100103,2020년 11월 24일 08시,화요일,경상남도 창녕군 창녕읍,경상사고,0,0,1,0,차대사람 - 횡단중,보행자보호의무위반,포장 - 건조,맑음,교차로 - 교차로횡단보도내,화물,남,60세,상해없음,보행자,여,9세,경상
7336,2020112400100159,2020년 11월 24일 10시,화요일,경상남도 창원시 의창구 팔용동,경상사고,0,0,1,0,차대사람 - 기타,안전운전불이행,포장 - 건조,맑음,교차로 - 교차로안,승용,남,56세,상해없음,보행자,남,51세,경상
7337,2020112400100484,2020년 11월 24일 18시,화요일,경상남도 남해군 남해읍,사망사고,1,0,0,0,차대사람 - 횡단중,과속,포장 - 건조,맑음,교차로 - 교차로안,승용,남,44세,상해없음,보행자,남,73세,사망
7338,2020112400100537,2020년 11월 24일 19시,화요일,경상남도 통영시 봉평동,사망사고,1,0,0,0,차대사람 - 횡단중,안전운전불이행,포장 - 건조,맑음,기타 - 기타,화물,남,54세,상해없음,보행자,여,85세,사망
7339,2020112400100538,2020년 11월 24일 19시,화요일,경상남도 김해시 동상동,경상사고,0,0,1,0,차대사람 - 기타,안전운전불이행,포장 - 건조,맑음,단일로 - 기타,승용,남,34세,상해없음,보행자,남,27세,경상
7340,2020112400100613,2020년 11월 24일 22시,화요일,경상남도 함안군 군북면,경상사고,0,0,1,0,차대사람 - 횡단중,안전운전불이행,포장 - 건조,기타,교차로 - 교차로안,승용,남,76세,상해없음,보행자,남,40세,경상
7341,2020112500100162,2020년 11월 25일 10시,수요일,경상남도 합천군 합천읍,경상사고,0,0,1,0,차대사람 - 길가장자리구역통행중,안전운전불이행,포장 - 건조,맑음,단일로 - 기타,승용,남,54세,상해없음,보행자,여,88세,경상
7342,2020112500100163,2020년 11월 25일 10시,수요일,경상남도 거제시 하청면,중상사고,0,1,0,0,차대사람 - 차도통행중,중앙선침범,포장 - 건조,맑음,기타 - 기타,승용,여,59세,상해없음,보행자,여,40세,중상
7343,2020112500100204,2020년 11월 25일 11시,수요일,경상남도 창원시 마산회원구 양덕동,경상사고,0,0,1,0,차대사람 - 기타,안전운전불이행,포장 - 건조,맑음,단일로 - 기타,승합,남,38세,상해없음,보행자,여,69세,경상
7344,2020112500100381,2020년 11월 25일 16시,수요일,경상남도 창원시 의창구 서상동,중상사고,0,1,0,0,차대사람 - 횡단중,보행자보호의무위반,포장 - 건조,맑음,교차로 - 교차로부근,승용,남,40세,상해없음,보행자,남,81세,중상
7345,2020112500100433,2020년 11월 25일 17시,수요일,경상남도 창원시 의창구 명서동,경상사고,0,0,1,0,차대사람 - 길가장자리구역통행중,안전운전불이행,포장 - 건조,맑음,단일로 - 기타,승용,남,67세,상해없음,보행자,남,63세,경상
7346,2020112500100487,2020년 11월 25일 18시,수요일,경상남도 사천시 서포면,중상사고,0,1,0,0,차대사람 - 차도통행중,안전운전불이행,포장 - 건조,맑음,단일로 - 기타,승용,남,45세,상해없음,보행자,여,69세,중상
7347,2020112600100063,2020년 11월 26일 06시,목요일,경상남도 양산시 덕계동,중상사고,0,1,0,0,차대사람 - 횡단중,안전운전불이행,포장 - 건조,맑음,교차로 - 교차로횡단보도내,승용,남,43세,상해없음,보행자,남,68세,중상
7348,2020112600100257,2020년 11월 26일 13시,목요일,경상남도 거제시 고현동,중상사고,0,1,1,0,차대사람 - 기타,안전운전불이행,포장 - 건조,맑음,단일로 - 기타,이륜,남,65세,경상,보행자,여,26세,중상
7349,2020112600100516,2020년 11월 26일 19시,목요일,경상남도 통영시 동호동,중상사고,0,1,0,0,차대사람 - 횡단중,안전운전불이행,포장 - 건조,맑음,교차로 - 교차로부근,승용,여,51세,상해없음,보행자,남,36세,중상
7350,2020112700100024,2020년 11월 27일 04시,금요일,경상남도 양산시 북부동,중상사고,0,1,0,0,차대사람 - 횡단중,안전운전불이행,포장 - 건조,맑음,교차로 - 교차로안,승용,남,59세,상해없음,보행자,여,76세,중상
7351,2020112700100107,2020년 11월 27일 09시,금요일,경상남도 창원시 마산합포구 오동동,중상사고,0,1,0,0,차대사람 - 기타,안전운전불이행,포장 - 건조,맑음,단일로 - 기타,화물,남,45세,상해없음,보행자,여,98세 이상,중상
7352,2020112700100472,2020년 11월 27일 18시,금요일,경상남도 사천시 사천읍,중상사고,0,1,1,0,차대사람 - 횡단중,안전운전불이행,포장 - 건조,맑음,단일로 - 기타,이륜,남,31세,경상,보행자,남,42세,중상
7353,2020112700100474,2020년 11월 27일 18시,금요일,경상남도 산청군 시천면,사망사고,1,0,0,0,차대사람 - 횡단중,안전운전불이행,포장 - 건조,맑음,단일로 - 기타,화물,남,48세,상해없음,보행자,여,83세,사망
7354,2020112700100540,2020년 11월 27일 19시,금요일,경상남도 창원시 진해구 경화동,경상사고,0,0,1,0,차대사람 - 기타,안전운전불이행,포장 - 건조,맑음,단일로 - 기타,화물,여,64세,상해없음,보행자,남,68세,경상
7355,2020112800100020,2020년 11월 28일 01시,토요일,경상남도 양산시 중부동,경상사고,0,0,2,0,차대사람 - 차도통행중,안전운전불이행,포장 - 건조,맑음,단일로 - 기타,승용,여,46세,상해없음,보행자,남,26세,경상
7356,2020112800100120,2020년 11월 28일 10시,토요일,경상남도 진주시 장대동,경상사고,0,0,1,0,차대사람 - 횡단중,보행자보호의무위반,포장 - 건조,맑음,기타 - 기타,승용,남,53세,상해없음,보행자,남,89세,경상
7357,2020112800100159,2020년 11월 28일 11시,토요일,경상남도 창원시 의창구 팔용동,중상사고,0,1,0,0,차대사람 - 기타,안전운전불이행,포장 - 건조,맑음,교차로 - 교차로안,승용,남,55세,상해없음,보행자,남,59세,중상
7358,2020112800100368,2020년 11월 28일 16시,토요일,경상남도 양산시 중부동,중상사고,0,1,0,0,차대사람 - 횡단중,안전운전불이행,포장 - 건조,맑음,단일로 - 기타,승용,남,20세,상해없음,보행자,여,49세,중상
7359,2020112800100369,2020년 11월 28일 16시,토요일,경상남도 양산시 물금읍,중상사고,0,1,0,0,차대사람 - 길가장자리구역통행중,안전운전불이행,포장 - 건조,맑음,단일로 - 기타,자전거,남,50세,상해없음,보행자,남,57세,중상
7360,2020112800100403,2020년 11월 28일 17시,토요일,경상남도 진주시 초전동,경상사고,0,0,1,0,차대사람 - 횡단중,보행자보호의무위반,포장 - 건조,맑음,교차로 - 교차로안,이륜,남,25세,상해없음,보행자,여,16세,경상
7361,2020112800100448,2020년 11월 28일 18시,토요일,경상남도 양산시 용당동,중상사고,0,1,0,0,차대사람 - 횡단중,안전운전불이행,포장 - 건조,맑음,단일로 - 기타,승용,남,29세,상해없음,보행자,남,38세,중상
7362,2020112800100534,2020년 11월 28일 21시,토요일,경상남도 진주시 수곡면,경상사고,0,0,1,0,차대사람 - 차도통행중,안전운전불이행,포장 - 건조,맑음,교차로 - 교차로안,승용,여,56세,상해없음,보행자,여,63세,경상
7363,2020112800100579,2020년 11월 28일 23시,토요일,경상남도 창원시 진해구 안골동,경상사고,0,0,1,0,차대사람 - 차도통행중,안전운전불이행,포장 - 건조,맑음,교차로 - 교차로안,승용,남,27세,상해없음,보행자,남,45세,경상
7364,2020112900100022,2020년 11월 29일 01시,일요일,경상남도 창원시 마산합포구 오동동,경상사고,0,0,1,0,차대사람 - 차도통행중,안전운전불이행,포장 - 건조,맑음,교차로 - 교차로안,승용,남,63세,상해없음,보행자,남,25세,경상
7365,2020112900100097,2020년 11월 29일 10시,일요일,경상남도 합천군 합천읍,중상사고,0,1,0,0,차대사람 - 횡단중,안전운전불이행,포장 - 건조,맑음,교차로 - 교차로부근,승용,남,61세,상해없음,보행자,여,79세,중상
7366,2020112900100222,2020년 11월 29일 15시,일요일,경상남도 함안군 칠원읍,경상사고,0,0,1,0,차대사람 - 길가장자리구역통행중,기타,포장 - 건조,맑음,단일로 - 기타,화물,남,36세,상해없음,보행자,남,68세,경상
7367,2020112900100245,2020년 11월 29일 16시,일요일,경상남도 창원시 마산합포구 진동면,경상사고,0,0,1,0,차대사람 - 기타,안전운전불이행,포장 - 건조,맑음,단일로 - 기타,승용,여,49세,상해없음,보행자,남,62세,경상
7368,2020112900100327,2020년 11월 29일 19시,일요일,경상남도 사천시 사천읍,중상사고,0,1,0,1,차대사람 - 길가장자리구역통행중,안전운전불이행,포장 - 건조,맑음,단일로 - 기타,화물,남,58세,상해없음,보행자,남,18세,중상
7369,2020113000100076,2020년 11월 30일 07시,월요일,경상남도 김해시 외동,중상사고,0,1,0,0,차대사람 - 횡단중,신호위반,포장 - 건조,맑음,교차로 - 교차로안,승용,여,50세,상해없음,보행자,남,22세,중상
7370,2020113000100181,2020년 11월 30일 10시,월요일,경상남도 남해군 설천면,중상사고,0,1,0,0,차대사람 - 차도통행중,안전운전불이행,포장 - 건조,맑음,단일로 - 기타,화물,남,48세,상해없음,보행자,남,86세,중상
7371,2020113000100405,2020년 11월 30일 16시,월요일,경상남도 창원시 마산회원구 회성동,중상사고,0,1,0,0,차대사람 - 횡단중,신호위반,포장 - 건조,맑음,교차로 - 교차로횡단보도내,화물,남,51세,상해없음,보행자,여,54세,중상
7372,2020120100100146,2020년 12월 1일 09시,화요일,경상남도 고성군 고성읍,중상사고,0,1,0,0,차대사람 - 차도통행중,보행자보호의무위반,포장 - 건조,맑음,교차로 - 교차로안,화물,남,54세,상해없음,보행자,여,53세,중상
7373,2020120100100148,2020년 12월 1일 09시,화요일,경상남도 김해시 진영읍,중상사고,0,1,0,0,차대사람 - 횡단중,교차로운행방법위반,포장 - 건조,맑음,교차로 - 교차로안,승용,남,68세,상해없음,보행자,남,27세,중상
7374,2020120100100297,2020년 12월 1일 13시,화요일,경상남도 창원시 마산회원구 석전동,경상사고,0,0,1,0,차대사람 - 횡단중,안전운전불이행,포장 - 건조,맑음,교차로 - 교차로횡단보도내,승용,남,73세,상해없음,보행자,여,23세,경상
7375,2020120100100521,2020년 12월 1일 18시,화요일,경상남도 창원시 의창구 도계동,경상사고,0,0,1,0,차대사람 - 기타,안전운전불이행,포장 - 건조,맑음,기타 - 기타,승용,남,67세,상해없음,보행자,남,9세,경상
7376,2020120200100002,2020년 12월 2일 00시,수요일,경상남도 김해시 내동,경상사고,0,0,1,0,차대사람 - 기타,안전운전불이행,포장 - 건조,맑음,교차로 - 교차로부근,승용,남,63세,상해없음,보행자,남,37세,경상
7377,2020120200100035,2020년 12월 2일 06시,수요일,경상남도 통영시 중앙동,부상신고사고,0,0,0,1,차대사람 - 횡단중,안전운전불이행,포장 - 건조,맑음,교차로 - 교차로안,화물,남,47세,상해없음,보행자,남,55세,부상신고
7378,2020120200100195,2020년 12월 2일 12시,수요일,경상남도 함양군 함양읍,경상사고,0,0,1,0,차대사람 - 보도통행중,안전운전불이행,포장 - 건조,맑음,단일로 - 기타,승용,남,62세,상해없음,보행자,남,58세,경상
7379,2020120200100222,2020년 12월 2일 13시,수요일,경상남도 통영시 중앙동,경상사고,0,0,1,0,차대사람 - 기타,안전운전불이행,포장 - 건조,맑음,단일로 - 기타,기타불명,기타불명,미분류,기타불명,보행자,남,63세,경상
7380,2020120200100258,2020년 12월 2일 14시,수요일,경상남도 창원시 의창구 봉곡동,중상사고,0,1,0,0,차대사람 - 횡단중,신호위반,포장 - 건조,맑음,교차로 - 교차로횡단보도내,이륜,남,18세,상해없음,보행자,남,71세,중상
7381,2020120200100289,2020년 12월 2일 15시,수요일,경상남도 창원시 진해구 이동,중상사고,0,1,0,0,차대사람 - 차도통행중,안전운전불이행,포장 - 건조,맑음,단일로 - 기타,화물,남,45세,상해없음,보행자,남,11세,중상
7382,2020120200100365,2020년 12월 2일 17시,수요일,경상남도 창원시 진해구 석동,경상사고,0,0,1,0,차대사람 - 기타,안전운전불이행,포장 - 건조,맑음,단일로 - 기타,화물,남,51세,상해없음,보행자,여,71세,경상
7383,2020120200100433,2020년 12월 2일 18시,수요일,경상남도 김해시 구산동,경상사고,0,0,1,0,차대사람 - 기타,안전운전불이행,포장 - 건조,맑음,교차로 - 교차로안,승용,남,51세,상해없음,보행자,여,73세,경상
7384,2020120200100571,2020년 12월 2일 23시,수요일,경상남도 사천시 용강동,경상사고,0,0,1,0,차대사람 - 횡단중,보행자보호의무위반,포장 - 건조,맑음,교차로 - 교차로횡단보도내,화물,남,65세,상해없음,보행자,남,28세,경상
7385,2020120300100091,2020년 12월 3일 08시,목요일,경상남도 통영시 북신동,중상사고,0,1,0,0,차대사람 - 횡단중,안전운전불이행,포장 - 건조,맑음,교차로 - 교차로안,승용,남,37세,상해없음,보행자,여,90세,중상
7386,2020120300100092,2020년 12월 3일 08시,목요일,경상남도 김해시 삼계동,중상사고,0,1,0,0,차대사람 - 횡단중,보행자보호의무위반,포장 - 건조,맑음,교차로 - 교차로안,승용,남,33세,상해없음,보행자,남,7세,중상
7387,2020120300100116,2020년 12월 3일 09시,목요일,경상남도 밀양시 상동면,중상사고,0,1,0,0,차대사람 - 횡단중,안전운전불이행,포장 - 건조,맑음,단일로 - 기타,화물,남,53세,상해없음,보행자,남,66세,중상
7388,2020120300100172,2020년 12월 3일 11시,목요일,경상남도 밀양시 가곡동,중상사고,0,1,0,0,차대사람 - 횡단중,안전운전불이행,포장 - 건조,맑음,단일로 - 기타,승용,남,63세,상해없음,보행자,여,76세,중상
7389,2020120300100235,2020년 12월 3일 13시,목요일,경상남도 양산시 중부동,중상사고,0,1,0,0,차대사람 - 차도통행중,안전운전불이행,포장 - 건조,맑음,단일로 - 기타,승용,여,58세,상해없음,보행자,여,60세,중상
7390,2020120300100384,2020년 12월 3일 17시,목요일,경상남도 진주시 상대동,중상사고,0,1,0,0,차대사람 - 횡단중,안전운전불이행,포장 - 건조,맑음,단일로 - 기타,화물,남,65세,상해없음,보행자,여,47세,중상
7391,2020120300100386,2020년 12월 3일 17시,목요일,경상남도 거창군 북상면,중상사고,0,1,0,0,차대사람 - 차도통행중,안전운전불이행,포장 - 건조,맑음,단일로 - 기타,화물,남,57세,상해없음,보행자,여,77세,중상
7392,2020120300100387,2020년 12월 3일 17시,목요일,경상남도 양산시 하북면,부상신고사고,0,0,0,1,차대사람 - 기타,신호위반,포장 - 건조,맑음,교차로 - 교차로안,기타불명,기타불명,미분류,기타불명,보행자,남,49세,부상신고
7393,2020120400100009,2020년 12월 4일 00시,금요일,경상남도 창원시 마산합포구 남성동,중상사고,0,1,0,0,차대사람 - 기타,안전운전불이행,포장 - 건조,맑음,교차로 - 교차로횡단보도내,승용,남,66세,상해없음,보행자,여,68세,중상
7394,2020120400100185,2020년 12월 4일 10시,금요일,경상남도 창원시 진해구 경화동,중상사고,0,1,0,0,차대사람 - 기타,안전운전불이행,포장 - 건조,맑음,단일로 - 기타,승용,여,41세,상해없음,보행자,남,81세,중상
7395,2020120400100269,2020년 12월 4일 13시,금요일,경상남도 밀양시 삼문동,경상사고,0,0,1,0,차대사람 - 횡단중,안전운전불이행,포장 - 건조,맑음,단일로 - 기타,승용,남,51세,상해없음,보행자,남,12세,경상
7396,2020120400100307,2020년 12월 4일 14시,금요일,경상남도 창원시 마산회원구 양덕동,경상사고,0,0,2,0,차대사람 - 기타,안전운전불이행,포장 - 건조,맑음,기타 - 기타,승용,여,51세,상해없음,보행자,여,78세,경상
7397,2020120400100385,2020년 12월 4일 16시,금요일,경상남도 창원시 마산합포구 월영동,경상사고,0,0,1,0,차대사람 - 횡단중,안전운전불이행,포장 - 건조,맑음,교차로 - 교차로안,화물,남,33세,상해없음,보행자,남,22세,경상
7398,2020120400100500,2020년 12월 4일 18시,금요일,경상남도 거제시 옥포동,중상사고,0,1,0,0,차대사람 - 기타,안전운전불이행,포장 - 건조,맑음,단일로 - 기타,승용,남,53세,상해없음,보행자,남,44세,중상
7399,2020120500100046,2020년 12월 5일 05시,토요일,경상남도 창원시 마산회원구 내서읍,사망사고,1,0,0,0,차대사람 - 차도통행중,기타,포장 - 건조,맑음,단일로 - 기타,승용,남,71세,상해없음,보행자,남,36세,사망
7400,2020120500100053,2020년 12월 5일 06시,토요일,경상남도 창원시 의창구 동읍,중상사고,0,1,0,0,차대사람 - 기타,안전운전불이행,포장 - 건조,맑음,단일로 - 기타,승용,남,61세,상해없음,보행자,여,79세,중상
7401,2020120500100317,2020년 12월 5일 15시,토요일,경상남도 김해시 삼방동,중상사고,0,1,0,0,차대사람 - 횡단중,안전운전불이행,포장 - 건조,맑음,단일로 - 기타,승용,여,44세,상해없음,보행자,여,28세,중상
7402,2020120500100387,2020년 12월 5일 17시,토요일,경상남도 김해시 삼방동,중상사고,0,1,0,0,차대사람 - 차도통행중,안전운전불이행,포장 - 건조,맑음,단일로 - 기타,승용,여,57세,상해없음,보행자,여,75세,중상
7403,2020120500100388,2020년 12월 5일 17시,토요일,경상남도 양산시 동면,경상사고,0,0,1,0,차대사람 - 기타,안전운전불이행,포장 - 건조,맑음,단일로 - 교량,승합,남,42세,기타불명,보행자,남,39세,경상
7404,2020120500100436,2020년 12월 5일 18시,토요일,경상남도 양산시 북부동,사망사고,1,0,0,0,차대사람 - 기타,안전운전불이행,포장 - 건조,맑음,교차로 - 교차로부근,승용,남,56세,기타불명,보행자,남,64세,사망
7405,2020120500100493,2020년 12월 5일 20시,토요일,경상남도 창원시 의창구 북면,중상사고,0,1,0,0,차대사람 - 차도통행중,안전운전불이행,포장 - 건조,기타,단일로 - 기타,승용,남,30세,상해없음,보행자,남,64세,중상
7406,2020120600100021,2020년 12월 6일 01시,일요일,경상남도 거제시 고현동,중상사고,0,1,0,0,차대사람 - 기타,교차로운행방법위반,포장 - 건조,맑음,교차로 - 교차로부근,승용,남,59세,상해없음,보행자,남,51세,중상
7407,2020120600100316,2020년 12월 6일 18시,일요일,경상남도 김해시 삼방동,중상사고,0,1,0,0,차대사람 - 횡단중,안전운전불이행,포장 - 건조,맑음,단일로 - 기타,이륜,남,21세,상해없음,보행자,남,66세,중상
7408,2020120700100018,2020년 12월 7일 04시,월요일,경상남도 통영시 서호동,중상사고,0,1,0,0,차대사람 - 횡단중,안전운전불이행,포장 - 건조,맑음,교차로 - 교차로안,이륜,남,72세,상해없음,보행자,여,72세,중상
7409,2020120700100446,2020년 12월 7일 19시,월요일,경상남도 김해시 부원동,중상사고,0,1,0,0,차대사람 - 차도통행중,안전운전불이행,포장 - 건조,맑음,교차로 - 교차로부근,승용,남,61세,상해없음,보행자,남,68세,중상
7410,2020120800100036,2020년 12월 8일 06시,화요일,경상남도 김해시 삼계동,중상사고,0,1,0,0,차대사람 - 횡단중,신호위반,포장 - 건조,맑음,교차로 - 교차로횡단보도내,승합,남,54세,기타불명,보행자,여,62세,중상
7411,2020120800100162,2020년 12월 8일 10시,화요일,경상남도 진주시 옥봉동,중상사고,0,1,0,0,차대사람 - 횡단중,보행자보호의무위반,포장 - 건조,맑음,교차로 - 교차로횡단보도내,화물,남,59세,상해없음,보행자,여,74세,중상
7412,2020120800100187,2020년 12월 8일 11시,화요일,경상남도 합천군 합천읍,경상사고,0,0,1,0,차대사람 - 기타,기타,포장 - 건조,맑음,단일로 - 기타,승용,남,72세,상해없음,보행자,여,78세,경상
7413,2020120800100254,2020년 12월 8일 13시,화요일,경상남도 창원시 진해구 풍호동,경상사고,0,0,1,0,차대사람 - 기타,안전운전불이행,포장 - 건조,맑음,교차로 - 교차로부근,승용,여,59세,상해없음,보행자,여,60세,경상
7414,2020120800100566,2020년 12월 8일 20시,화요일,경상남도 거제시 옥포동,중상사고,0,1,0,0,차대사람 - 차도통행중,안전운전불이행,포장 - 건조,맑음,단일로 - 기타,승용,남,30세,상해없음,보행자,남,30세,중상
7415,2020120800100588,2020년 12월 8일 21시,화요일,경상남도 진주시 평거동,경상사고,0,0,1,0,차대사람 - 기타,기타,포장 - 건조,맑음,기타 - 기타,승용,여,61세,상해없음,보행자,여,19세,경상
7416,2020120800100589,2020년 12월 8일 21시,화요일,경상남도 창녕군 남지읍,중상사고,0,1,0,0,차대사람 - 기타,안전운전불이행,포장 - 건조,맑음,단일로 - 기타,승용,여,34세,상해없음,보행자,남,39세,중상
7417,2020120900100140,2020년 12월 9일 09시,수요일,경상남도 김해시 진영읍,경상사고,0,0,1,0,차대사람 - 길가장자리구역통행중,안전운전불이행,포장 - 건조,맑음,단일로 - 기타,화물,남,63세,상해없음,보행자,남,57세,경상
7418,2020120900100277,2020년 12월 9일 14시,수요일,경상남도 거제시 옥포동,경상사고,0,0,1,0,차대사람 - 차도통행중,안전운전불이행,포장 - 건조,맑음,단일로 - 기타,승용,남,50세,상해없음,보행자,여,54세,경상
7419,2020120900100308,2020년 12월 9일 15시,수요일,경상남도 김해시 삼정동,경상사고,0,0,1,0,차대사람 - 기타,안전운전불이행,포장 - 건조,맑음,교차로 - 교차로안,승용,남,50세,상해없음,보행자,여,59세,경상
7420,2020120900100343,2020년 12월 9일 16시,수요일,경상남도 진주시 봉곡동,중상사고,0,1,0,0,차대사람 - 횡단중,보행자보호의무위반,포장 - 건조,맑음,기타 - 기타,승용,남,73세,상해없음,보행자,여,13세,중상
7421,2020120900100436,2020년 12월 9일 18시,수요일,경상남도 김해시 삼계동,중상사고,0,1,0,0,차대사람 - 횡단중,보행자보호의무위반,포장 - 건조,맑음,교차로 - 교차로횡단보도내,승합,여,47세,상해없음,보행자,여,56세,중상
7422,2020120900100500,2020년 12월 9일 19시,수요일,경상남도 통영시 정량동,중상사고,0,1,0,0,차대사람 - 횡단중,안전운전불이행,포장 - 건조,맑음,교차로 - 교차로안,승용,여,59세,상해없음,보행자,남,33세,중상
7423,2020121000100005,2020년 12월 10일 00시,목요일,경상남도 사천시 사천읍,경상사고,0,0,1,0,차대사람 - 기타,안전운전불이행,포장 - 건조,맑음,단일로 - 기타,승용,남,59세,상해없음,보행자,남,57세,경상
7424,2020121000100207,2020년 12월 10일 13시,목요일,경상남도 거제시 옥포동,경상사고,0,0,1,0,차대사람 - 기타,보행자보호의무위반,포장 - 건조,맑음,교차로 - 교차로횡단보도내,승용,남,77세,상해없음,보행자,남,30세,경상
7425,2020121000100428,2020년 12월 10일 19시,목요일,경상남도 진주시 상봉동,경상사고,0,0,1,0,차대사람 - 횡단중,보행자보호의무위반,포장 - 건조,맑음,단일로 - 기타,승용,남,31세,상해없음,보행자,남,53세,경상
7426,2020121000100471,2020년 12월 10일 20시,목요일,경상남도 거제시 옥포동,중상사고,0,1,0,0,차대사람 - 횡단중,보행자보호의무위반,포장 - 건조,맑음,교차로 - 교차로안,화물,남,68세,상해없음,보행자,여,64세,중상
7427,2020121100100040,2020년 12월 11일 06시,금요일,경상남도 통영시 항남동,중상사고,0,1,0,0,차대사람 - 횡단중,보행자보호의무위반,포장 - 건조,맑음,교차로 - 교차로횡단보도내,화물,남,32세,상해없음,보행자,남,77세,중상
7428,2020121100100118,2020년 12월 11일 10시,금요일,경상남도 양산시 평산동,경상사고,0,0,1,0,차대사람 - 차도통행중,안전운전불이행,포장 - 건조,맑음,교차로 - 교차로안,승용,여,54세,상해없음,보행자,여,80세,경상
7429,2020121100100146,2020년 12월 11일 11시,금요일,경상남도 거제시 고현동,경상사고,0,0,1,0,차대사람 - 기타,안전운전불이행,포장 - 건조,맑음,기타 - 기타,기타불명,기타불명,미분류,기타불명,보행자,여,66세,경상
7430,2020121100100588,2020년 12월 11일 22시,금요일,경상남도 양산시 물금읍,경상사고,0,0,1,0,차대사람 - 기타,신호위반,포장 - 건조,맑음,교차로 - 교차로안,원동기,남,19세,상해없음,보행자,여,28세,경상
7431,2020121200100169,2020년 12월 12일 12시,토요일,경상남도 창원시 마산회원구 내서읍,중상사고,0,1,0,0,차대사람 - 횡단중,신호위반,포장 - 건조,맑음,교차로 - 교차로횡단보도내,화물,남,60세,상해없음,보행자,여,69세,중상