,사고번호,사고일시,요일,시군구,사고내용,사망자수,중상자수,경상자수,부상신고자수,사고유형,법규위반,노면상태,기상상태,도로형태,가해운전자 차종,가해운전자 성별,가해운전자 연령,가해운전자 상해정도,피해운전자 차종,피해운전자 성별,피해운전자 연령,피해운전자 상해정도
7432,2020121200100208,2020년 12월 12일 13시,토요일,경상남도 창원시 의창구 명서동,중상사고,0,1,0,0,차대사람 - 기타,안전운전불이행,포장 - 건조,맑음,단일로 - 기타,승용,여,59세,상해없음,보행자,남,64세,중상
7433,2020121300100359,2020년 12월 13일 21시,일요일,경상남도 창원시 의창구 도계동,경상사고,0,0,1,0,차대사람 - 횡단중,보행자보호의무위반,포장 - 건조,맑음,교차로 - 교차로부근,승용,남,66세,상해없음,보행자,남,28세,경상
7434,2020121400100148,2020년 12월 14일 10시,월요일,경상남도 창원시 진해구 남양동,중상사고,0,1,0,0,차대사람 - 횡단중,안전운전불이행,포장 - 건조,맑음,교차로 - 교차로안,승용,남,62세,상해없음,보행자,여,59세,중상
7435,2020121400100172,2020년 12월 14일 11시,월요일,경상남도 사천시 동금동,중상사고,0,1,0,0,차대사람 - 기타,교차로운행방법위반,포장 - 건조,맑음,교차로 - 교차로부근,화물,남,53세,상해없음,보행자,여,75세,중상
7436,2020121400100229,2020년 12월 14일 13시,월요일,경상남도 진주시 장대동,중상사고,0,1,0,0,차대사람 - 횡단중,신호위반,포장 - 건조,맑음,단일로 - 기타,승합,남,54세,상해없음,보행자,여,72세,중상
7437,2020121400100373,2020년 12월 14일 17시,월요일,경상남도 양산시 물금읍,부상신고사고,0,0,0,1,차대사람 - 횡단중,신호위반,포장 - 건조,맑음,교차로 - 교차로횡단보도내,원동기,남,59세,상해없음,보행자,여,18세,부상신고
7438,2020121400100428,2020년 12월 14일 18시,월요일,경상남도 통영시 미수동,사망사고,1,0,0,0,차대사람 - 횡단중,안전운전불이행,포장 - 건조,맑음,단일로 - 기타,화물,남,46세,상해없음,보행자,남,77세,사망
7439,2020121400100430,2020년 12월 14일 18시,월요일,경상남도 산청군 단성면,경상사고,0,0,1,0,차대사람 - 길가장자리구역통행중,안전운전불이행,포장 - 건조,맑음,단일로 - 기타,승용,여,56세,상해없음,보행자,남,54세,경상
7440,2020121500100021,2020년 12월 15일 05시,화요일,경상남도 김해시 지내동,경상사고,0,0,1,0,차대사람 - 차도통행중,안전운전불이행,포장 - 건조,맑음,교차로 - 교차로안,승용,남,24세,상해없음,보행자,남,30세,경상
7441,2020121500100027,2020년 12월 15일 06시,화요일,경상남도 김해시 내동,중상사고,0,1,0,0,차대사람 - 횡단중,보행자보호의무위반,포장 - 건조,맑음,단일로 - 기타,화물,남,57세,상해없음,보행자,남,86세,중상
7442,2020121500100292,2020년 12월 15일 15시,화요일,경상남도 산청군 산청읍,중상사고,0,1,0,0,차대사람 - 횡단중,안전운전불이행,포장 - 건조,맑음,교차로 - 교차로안,승용,남,34세,상해없음,보행자,여,59세,중상
7443,2020121500100419,2020년 12월 15일 18시,화요일,경상남도 거제시 옥포동,중상사고,0,1,0,0,차대사람 - 기타,안전운전불이행,포장 - 건조,맑음,단일로 - 기타,승합,남,46세,상해없음,보행자,남,45세,중상
7444,2020121500100420,2020년 12월 15일 18시,화요일,경상남도 함안군 가야읍,경상사고,0,0,1,0,차대사람 - 차도통행중,안전운전불이행,포장 - 건조,맑음,교차로 - 교차로안,승용,여,57세,상해없음,보행자,남,60세,경상
7445,2020121500100493,2020년 12월 15일 20시,화요일,경상남도 창원시 진해구 이동,중상사고,0,1,0,0,차대사람 - 횡단중,보행자보호의무위반,포장 - 건조,맑음,교차로 - 교차로횡단보도내,원동기,남,22세,상해없음,보행자,남,53세,중상
7446,2020121500100569,2020년 12월 15일 23시,화요일,경상남도 창원시 진해구 자은동,경상사고,0,0,1,0,차대사람 - 기타,안전운전불이행,포장 - 건조,맑음,주차장 - 주차장,승용,여,42세,상해없음,보행자,남,52세,경상
7447,2020121600100218,2020년 12월 16일 13시,수요일,경상남도 창원시 마산합포구 신포동2가,경상사고,0,0,1,0,차대사람 - 횡단중,보행자보호의무위반,포장 - 건조,맑음,단일로 - 기타,승용,여,77세,상해없음,보행자,남,78세,경상
7448,2020121600100412,2020년 12월 16일 18시,수요일,경상남도 거제시 능포동,중상사고,0,1,0,0,차대사람 - 기타,안전운전불이행,포장 - 건조,맑음,기타 - 기타,승용,남,58세,상해없음,보행자,여,69세,중상
7449,2020121600100563,2020년 12월 16일 23시,수요일,경상남도 김해시 내동,중상사고,0,1,0,0,차대사람 - 차도통행중,안전운전불이행,포장 - 건조,맑음,교차로 - 교차로부근,승용,남,54세,상해없음,보행자,여,43세,중상
7450,2020121700100095,2020년 12월 17일 08시,목요일,경상남도 하동군 진교면,중상사고,0,1,0,0,차대사람 - 횡단중,안전운전불이행,포장 - 건조,맑음,단일로 - 기타,화물,남,56세,상해없음,보행자,남,60세,중상
7451,2020121700100171,2020년 12월 17일 10시,목요일,경상남도 밀양시 내일동,중상사고,0,1,0,0,차대사람 - 보도통행중,안전운전불이행,포장 - 건조,맑음,단일로 - 교량,승용,남,57세,상해없음,보행자,여,75세,중상
7452,2020121700100273,2020년 12월 17일 13시,목요일,경상남도 함안군 대산면,경상사고,0,0,1,0,차대사람 - 차도통행중,안전운전불이행,포장 - 건조,맑음,단일로 - 기타,승용,여,74세,상해없음,보행자,여,55세,경상
7453,2020121700100300,2020년 12월 17일 14시,목요일,경상남도 진주시 신안동,중상사고,0,1,0,0,차대사람 - 기타,안전운전불이행,포장 - 건조,맑음,교차로 - 교차로부근,승용,여,55세,상해없음,보행자,여,79세,중상
7454,2020121700100301,2020년 12월 17일 14시,목요일,경상남도 창원시 의창구 팔용동,중상사고,0,1,0,0,차대사람 - 기타,안전운전불이행,포장 - 건조,맑음,기타 - 기타,승용,여,42세,상해없음,보행자,여,83세,중상
7455,2020121700100399,2020년 12월 17일 17시,목요일,경상남도 양산시 물금읍,중상사고,0,1,0,0,차대사람 - 횡단중,안전운전불이행,포장 - 건조,맑음,단일로 - 기타,이륜,남,31세,상해없음,보행자,여,67세,중상
7456,2020121700100558,2020년 12월 17일 21시,목요일,경상남도 김해시 내동,중상사고,0,1,0,0,차대사람 - 차도통행중,안전운전불이행,포장 - 건조,맑음,단일로 - 기타,승용,여,64세,상해없음,보행자,남,59세,중상
7457,2020121800100179,2020년 12월 18일 11시,금요일,경상남도 진주시 본성동,경상사고,0,0,1,0,차대사람 - 횡단중,신호위반,포장 - 건조,맑음,교차로 - 교차로횡단보도내,이륜,남,35세,상해없음,보행자,여,22세,경상
7458,2020121800100490,2020년 12월 18일 18시,금요일,경상남도 창원시 성산구 사파동,중상사고,0,1,0,0,차대사람 - 차도통행중,안전운전불이행,포장 - 건조,맑음,교차로 - 교차로안,승용,여,45세,상해없음,보행자,여,75세,중상
7459,2020121800100541,2020년 12월 18일 19시,금요일,경상남도 양산시 신기동,부상신고사고,0,0,0,1,차대사람 - 기타,보행자보호의무위반,포장 - 건조,맑음,교차로 - 교차로횡단보도내,승용,남,33세,상해없음,보행자,여,13세,부상신고
7460,2020121900100171,2020년 12월 19일 12시,토요일,경상남도 김해시 진영읍,중상사고,0,1,0,0,차대사람 - 횡단중,보행자보호의무위반,포장 - 건조,맑음,교차로 - 교차로횡단보도내,화물,남,58세,상해없음,보행자,여,70세,중상
7461,2020121900100273,2020년 12월 19일 15시,토요일,경상남도 창원시 마산합포구 완월동,중상사고,0,1,0,0,차대사람 - 기타,안전운전불이행,포장 - 건조,맑음,교차로 - 교차로부근,승용,여,47세,상해없음,보행자,남,83세,중상
7462,2020121900100403,2020년 12월 19일 18시,토요일,경상남도 거창군 위천면,사망사고,1,0,0,0,차대사람 - 차도통행중,안전운전불이행,포장 - 건조,맑음,단일로 - 기타,화물,남,59세,상해없음,보행자,남,70세,사망
7463,2020121900100458,2020년 12월 19일 19시,토요일,경상남도 하동군 진교면,사망사고,1,0,0,0,차대사람 - 차도통행중,안전운전불이행,포장 - 건조,맑음,교차로 - 교차로안,화물,남,56세,상해없음,보행자,남,72세,사망
7464,2020121900100533,2020년 12월 19일 21시,토요일,경상남도 창원시 진해구 자은동,중상사고,0,1,0,0,차대사람 - 횡단중,안전운전불이행,포장 - 건조,맑음,교차로 - 교차로안,승용,여,46세,상해없음,보행자,남,65세,중상
7465,2020122000100092,2020년 12월 20일 12시,일요일,경상남도 통영시 무전동,경상사고,0,0,1,0,차대사람 - 횡단중,보행자보호의무위반,포장 - 건조,맑음,교차로 - 교차로부근,화물,남,67세,상해없음,보행자,남,20세,경상
7466,2020122000100328,2020년 12월 20일 21시,일요일,경상남도 김해시 삼방동,경상사고,0,0,1,0,차대사람 - 보도통행중,안전운전불이행,포장 - 건조,맑음,단일로 - 기타,화물,남,57세,상해없음,보행자,여,37세,경상
7467,2020122100100067,2020년 12월 21일 07시,월요일,경상남도 창원시 의창구 명서동,중상사고,0,1,0,0,차대사람 - 기타,신호위반,포장 - 건조,맑음,단일로 - 기타,승용,여,46세,상해없음,보행자,남,54세,중상
7468,2020122100100166,2020년 12월 21일 10시,월요일,경상남도 김해시 서상동,중상사고,0,1,0,0,차대사람 - 횡단중,안전운전불이행,포장 - 건조,맑음,교차로 - 교차로부근,승용,남,72세,상해없음,보행자,여,49세,중상
7469,2020122100100168,2020년 12월 21일 10시,월요일,경상남도 거제시 상동동,경상사고,0,0,1,0,차대사람 - 기타,안전운전불이행,포장 - 건조,맑음,단일로 - 기타,승용,남,68세,상해없음,보행자,남,55세,경상
7470,2020122100100273,2020년 12월 21일 13시,월요일,경상남도 밀양시 초동면,중상사고,0,1,0,0,차대사람 - 횡단중,안전운전불이행,포장 - 건조,맑음,교차로 - 교차로부근,승용,여,71세,상해없음,보행자,여,65세,중상
7471,2020122100100342,2020년 12월 21일 15시,월요일,경상남도 창원시 의창구 팔용동,경상사고,0,0,1,0,차대사람 - 기타,안전운전불이행,포장 - 건조,맑음,기타 - 기타,승용,여,66세,상해없음,보행자,여,48세,경상
7472,2020122100100343,2020년 12월 21일 15시,월요일,경상남도 창원시 의창구 봉곡동,중상사고,0,1,0,0,차대사람 - 기타,안전운전불이행,포장 - 건조,맑음,단일로 - 기타,승용,남,62세,상해없음,보행자,여,53세,중상
7473,2020122100100422,2020년 12월 21일 17시,월요일,경상남도 진주시 평거동,경상사고,0,0,1,0,차대사람 - 횡단중,안전운전불이행,포장 - 건조,맑음,단일로 - 기타,화물,여,76세,상해없음,보행자,여,4세,경상
7474,2020122100100484,2020년 12월 21일 18시,월요일,경상남도 김해시 진영읍,중상사고,0,1,0,0,차대사람 - 횡단중,안전운전불이행,포장 - 건조,맑음,교차로 - 교차로안,승용,여,22세,상해없음,보행자,여,63세,중상
7475,2020122100100535,2020년 12월 21일 19시,월요일,경상남도 창원시 마산회원구 회성동,중상사고,0,1,0,0,차대사람 - 횡단중,안전운전불이행,포장 - 건조,맑음,교차로 - 교차로부근,승용,남,23세,상해없음,보행자,여,76세,중상
7476,2020122200100065,2020년 12월 22일 07시,화요일,경상남도 양산시 북정동,중상사고,0,1,0,0,차대사람 - 차도통행중,안전운전불이행,포장 - 건조,맑음,단일로 - 기타,승용,남,32세,상해없음,보행자,여,52세,중상
7477,2020122200100302,2020년 12월 22일 15시,화요일,경상남도 통영시 북신동,경상사고,0,0,1,0,차대사람 - 기타,안전운전불이행,포장 - 건조,맑음,교차로 - 교차로부근,승용,남,74세,상해없음,보행자,남,34세,경상
7478,2020122200100337,2020년 12월 22일 16시,화요일,경상남도 함양군 함양읍,경상사고,0,0,1,0,차대사람 - 차도통행중,안전운전불이행,포장 - 건조,맑음,기타 - 기타,화물,남,57세,상해없음,보행자,여,19세,경상
7479,2020122200100414,2020년 12월 22일 18시,화요일,경상남도 양산시 상북면,중상사고,0,1,0,0,차대사람 - 횡단중,안전운전불이행,포장 - 건조,맑음,단일로 - 기타,승용,여,55세,상해없음,보행자,여,61세,중상
7480,2020122200100480,2020년 12월 22일 19시,화요일,경상남도 거제시 옥포동,부상신고사고,0,0,0,1,차대사람 - 횡단중,보행자보호의무위반,포장 - 건조,맑음,교차로 - 교차로횡단보도내,승용,남,56세,상해없음,보행자,여,30세,부상신고
7481,2020122200100519,2020년 12월 22일 20시,화요일,경상남도 김해시 삼방동,사망사고,1,0,0,0,차대사람 - 횡단중,안전운전불이행,포장 - 건조,맑음,단일로 - 기타,이륜,남,23세,상해없음,보행자,여,60세,사망
7482,2020122200100521,2020년 12월 22일 20시,화요일,경상남도 김해시 진례면,중상사고,0,1,0,0,차대사람 - 기타,안전운전불이행,포장 - 건조,맑음,단일로 - 기타,승용,남,43세,상해없음,보행자,남,55세,중상
7483,2020122200100553,2020년 12월 22일 21시,화요일,경상남도 김해시 대청동,중상사고,0,1,0,0,차대사람 - 횡단중,안전운전불이행,포장 - 건조,맑음,단일로 - 기타,승용,남,62세,상해없음,보행자,여,46세,중상
7484,2020122300100185,2020년 12월 23일 11시,수요일,경상남도 진주시 대안동,중상사고,0,1,0,0,차대사람 - 횡단중,보행자보호의무위반,포장 - 건조,맑음,교차로 - 교차로횡단보도내,승용,여,32세,상해없음,보행자,여,83세,중상
7485,2020122300100302,2020년 12월 23일 15시,수요일,경상남도 김해시 대성동,중상사고,0,1,0,0,차대사람 - 횡단중,안전운전불이행,포장 - 건조,맑음,단일로 - 기타,화물,남,72세,상해없음,보행자,남,9세,중상
7486,2020122300100379,2020년 12월 23일 17시,수요일,경상남도 진주시 신안동,경상사고,0,0,1,0,차대사람 - 횡단중,안전운전불이행,포장 - 건조,맑음,교차로 - 교차로횡단보도내,승용,여,19세,상해없음,보행자,여,60세,경상
7487,2020122300100383,2020년 12월 23일 17시,수요일,경상남도 김해시 진영읍,경상사고,0,0,2,0,차대사람 - 횡단중,보행자보호의무위반,포장 - 건조,맑음,단일로 - 기타,승용,남,50세,상해없음,보행자,남,73세,경상
7488,2020122300100459,2020년 12월 23일 18시,수요일,경상남도 창원시 성산구 가음동,중상사고,0,1,0,0,차대사람 - 횡단중,보행자보호의무위반,포장 - 건조,맑음,교차로 - 교차로부근,승용,남,65세,상해없음,보행자,남,64세,중상
7489,2020122300100589,2020년 12월 23일 21시,수요일,경상남도 양산시 중부동,중상사고,0,1,0,0,차대사람 - 횡단중,안전운전불이행,포장 - 건조,맑음,교차로 - 교차로안,화물,남,49세,상해없음,보행자,여,59세,중상
7490,2020122400100148,2020년 12월 24일 10시,목요일,경상남도 창원시 마산합포구 동성동,경상사고,0,0,2,0,차대사람 - 횡단중,안전운전불이행,포장 - 건조,맑음,교차로 - 교차로안,승용,남,66세,상해없음,보행자,여,58세,경상
7491,2020122400100209,2020년 12월 24일 12시,목요일,경상남도 김해시 부원동,경상사고,0,0,1,0,차대사람 - 횡단중,안전운전불이행,포장 - 건조,맑음,단일로 - 기타,이륜,남,31세,상해없음,보행자,남,55세,경상
7492,2020122400100281,2020년 12월 24일 14시,목요일,경상남도 김해시 삼방동,중상사고,0,1,0,0,차대사람 - 횡단중,안전운전불이행,포장 - 건조,맑음,단일로 - 기타,승용,여,54세,상해없음,보행자,남,46세,중상
7493,2020122400100539,2020년 12월 24일 19시,목요일,경상남도 창원시 마산합포구 상남동,부상신고사고,0,0,0,1,차대사람 - 기타,기타,포장 - 건조,맑음,단일로 - 기타,승용,남,33세,상해없음,보행자,남,64세,부상신고
7494,2020122400100540,2020년 12월 24일 19시,목요일,경상남도 밀양시 상남면,경상사고,0,0,1,0,차대사람 - 보도통행중,안전운전불이행,포장 - 건조,흐림,단일로 - 기타,이륜,남,44세,상해없음,보행자,여,62세,경상
7495,2020122400100649,2020년 12월 24일 22시,목요일,경상남도 양산시 동면,부상신고사고,0,0,0,1,차대사람 - 기타,안전운전불이행,포장 - 건조,맑음,교차로 - 교차로부근,승용,여,39세,상해없음,보행자,남,66세,부상신고
7496,2020122500100022,2020년 12월 25일 04시,금요일,경상남도 양산시 소주동,사망사고,1,0,0,0,차대사람 - 길가장자리구역통행중,안전운전불이행,포장 - 건조,맑음,주차장 - 주차장,승용,남,66세,상해없음,보행자,여,52세,사망
7497,2020122500100062,2020년 12월 25일 09시,금요일,경상남도 통영시 항남동,중상사고,0,1,0,0,차대사람 - 횡단중,보행자보호의무위반,포장 - 건조,맑음,교차로 - 교차로횡단보도내,승용,여,60세,상해없음,보행자,여,65세,중상
7498,2020122500100132,2020년 12월 25일 13시,금요일,경상남도 창원시 의창구 소계동,중상사고,0,1,0,0,차대사람 - 길가장자리구역통행중,안전운전불이행,포장 - 건조,맑음,교차로 - 교차로부근,승용,남,25세,상해없음,보행자,여,54세,중상
7499,2020122500100193,2020년 12월 25일 15시,금요일,경상남도 통영시 도남동,중상사고,0,1,0,0,차대사람 - 횡단중,기타,포장 - 건조,맑음,교차로 - 교차로부근,승용,남,46세,상해없음,보행자,남,78세,중상
7500,2020122500100367,2020년 12월 25일 21시,금요일,경상남도 김해시 서상동,중상사고,0,1,0,0,차대사람 - 기타,안전운전불이행,포장 - 건조,맑음,교차로 - 교차로안,승용,여,47세,상해없음,보행자,남,62세,중상
7501,2020122600100043,2020년 12월 26일 07시,토요일,경상남도 통영시 문화동,중상사고,0,1,0,0,차대사람 - 횡단중,보행자보호의무위반,포장 - 건조,맑음,교차로 - 교차로안,승용,남,63세,상해없음,보행자,여,62세,중상
7502,2020122600100183,2020년 12월 26일 14시,토요일,경상남도 밀양시 무안면,경상사고,0,0,1,0,차대사람 - 횡단중,보행자보호의무위반,포장 - 건조,맑음,교차로 - 교차로횡단보도내,화물,남,66세,상해없음,보행자,여,44세,경상
7503,2020122600100205,2020년 12월 26일 15시,토요일,경상남도 통영시 광도면,중상사고,0,1,1,0,차대사람 - 횡단중,보행자보호의무위반,포장 - 건조,맑음,단일로 - 기타,승용,여,61세,상해없음,보행자,여,30세,경상
7504,2020122600100266,2020년 12월 26일 17시,토요일,경상남도 양산시 삼호동,부상신고사고,0,0,0,1,차대사람 - 기타,안전운전불이행,포장 - 건조,맑음,단일로 - 기타,승용,남,41세,상해없음,보행자,여,72세,부상신고
7505,2020122600100416,2020년 12월 26일 22시,토요일,경상남도 거제시 고현동,경상사고,0,0,1,0,차대사람 - 횡단중,보행자보호의무위반,포장 - 건조,맑음,교차로 - 교차로안,승용,남,48세,상해없음,보행자,여,49세,경상
7506,2020122700100180,2020년 12월 27일 17시,일요일,경상남도 김해시 외동,경상사고,0,0,2,0,차대사람 - 횡단중,보행자보호의무위반,포장 - 젖음/습기,비,교차로 - 교차로횡단보도내,원동기,남,51세,상해없음,보행자,남,48세,경상
7507,2020122700100181,2020년 12월 27일 17시,일요일,경상남도 김해시 내동,경상사고,0,0,1,0,차대사람 - 횡단중,안전운전불이행,포장 - 젖음/습기,비,교차로 - 교차로안,승용,여,43세,상해없음,보행자,남,57세,경상
7508,2020122700100184,2020년 12월 27일 17시,일요일,경상남도 창원시 성산구 상남동,경상사고,0,0,1,0,차대사람 - 횡단중,보행자보호의무위반,포장 - 건조,맑음,교차로 - 교차로횡단보도내,승용,남,65세,상해없음,보행자,남,19세,경상
7509,2020122700100212,2020년 12월 27일 18시,일요일,경상남도 창원시 마산합포구 상남동,중상사고,0,1,0,0,차대사람 - 차도통행중,신호위반,포장 - 젖음/습기,흐림,교차로 - 교차로안,승용,남,50세,상해없음,보행자,여,69세,중상
7510,2020122700100213,2020년 12월 27일 18시,일요일,경상남도 진주시 신안동,부상신고사고,0,0,0,1,차대사람 - 횡단중,안전운전불이행,포장 - 건조,맑음,교차로 - 교차로안,이륜,남,22세,부상신고,보행자,남,60세,상해없음
7511,2020122700100214,2020년 12월 27일 18시,일요일,경상남도 김해시 동상동,경상사고,0,0,1,0,차대사람 - 횡단중,보행자보호의무위반,포장 - 젖음/습기,비,교차로 - 교차로횡단보도내,승용,남,36세,상해없음,보행자,남,25세,경상
7512,2020122800100188,2020년 12월 28일 11시,월요일,경상남도 김해시 서상동,중상사고,0,1,0,0,차대사람 - 횡단중,보행자보호의무위반,포장 - 건조,맑음,단일로 - 기타,화물,남,48세,상해없음,보행자,남,79세,중상
7513,2020122800100217,2020년 12월 28일 12시,월요일,경상남도 창원시 성산구 신촌동,경상사고,0,0,1,0,차대사람 - 차도통행중,안전운전불이행,포장 - 건조,맑음,교차로 - 교차로안,승용,여,44세,상해없음,보행자,여,90세,경상
7514,2020122800100219,2020년 12월 28일 12시,월요일,경상남도 김해시 진례면,중상사고,0,1,0,0,차대사람 - 차도통행중,안전운전불이행,포장 - 건조,맑음,교차로 - 교차로안,화물,남,32세,상해없음,보행자,남,51세,중상
7515,2020122800100254,2020년 12월 28일 13시,월요일,경상남도 창원시 진해구 안골동,중상사고,0,1,0,0,차대사람 - 횡단중,기타,포장 - 건조,맑음,교차로 - 교차로횡단보도내,승용,여,46세,상해없음,보행자,여,56세,중상
7516,2020122800100255,2020년 12월 28일 13시,월요일,경상남도 김해시 구산동,중상사고,0,1,1,0,차대사람 - 보도통행중,보행자보호의무위반,포장 - 건조,맑음,단일로 - 기타,화물,남,61세,상해없음,보행자,여,38세,중상
7517,2020122800100256,2020년 12월 28일 13시,월요일,경상남도 양산시 신기동,중상사고,0,1,0,0,차대사람 - 기타,안전운전불이행,포장 - 건조,맑음,단일로 - 기타,자전거,남,80세,상해없음,보행자,여,64세,중상
7518,2020122800100466,2020년 12월 28일 18시,월요일,경상남도 양산시 중부동,중상사고,0,1,0,0,차대사람 - 횡단중,안전운전불이행,포장 - 건조,맑음,교차로 - 교차로안,승용,남,64세,상해없음,보행자,여,65세,중상
7519,2020122800100536,2020년 12월 28일 21시,월요일,경상남도 사천시 사천읍,경상사고,0,0,1,0,차대사람 - 기타,안전운전불이행,포장 - 건조,맑음,교차로 - 교차로부근,승용,남,43세,상해없음,보행자,여,41세,경상
7520,2020122900100210,2020년 12월 29일 15시,화요일,경상남도 거창군 거창읍,경상사고,0,0,1,0,차대사람 - 차도통행중,기타,포장 - 건조,맑음,단일로 - 기타,승용,여,60세,상해없음,보행자,남,18세,경상
7521,2020122900100282,2020년 12월 29일 17시,화요일,경상남도 밀양시 용평동,중상사고,0,1,0,0,차대사람 - 횡단중,안전운전불이행,포장 - 젖음/습기,비,교차로 - 교차로부근,승용,남,58세,상해없음,보행자,여,63세,중상
7522,2020122900100330,2020년 12월 29일 18시,화요일,경상남도 밀양시 하남읍,사망사고,1,0,0,0,차대사람 - 길가장자리구역통행중,안전운전불이행,포장 - 젖음/습기,비,단일로 - 기타,화물,남,26세,상해없음,보행자,남,88세,사망
7523,2020122900100377,2020년 12월 29일 19시,화요일,경상남도 진주시 충무공동,중상사고,0,1,1,0,차대사람 - 보도통행중,보행자보호의무위반,포장 - 젖음/습기,비,교차로 - 교차로안,승용,여,49세,상해없음,보행자,남,41세,경상
7524,2020122900100408,2020년 12월 29일 20시,화요일,경상남도 거제시 아주동,부상신고사고,0,0,0,1,차대사람 - 길가장자리구역통행중,안전운전불이행,포장 - 젖음/습기,흐림,단일로 - 기타,승용,남,60세,상해없음,보행자,남,22세,부상신고
7525,2020122900100486,2020년 12월 29일 23시,화요일,경상남도 김해시 어방동,경상사고,0,0,1,0,차대사람 - 횡단중,안전운전불이행,포장 - 건조,맑음,교차로 - 교차로안,화물,남,36세,상해없음,보행자,남,42세,경상
7526,2020123000100035,2020년 12월 30일 06시,수요일,경상남도 양산시 명동,중상사고,0,1,0,0,차대사람 - 기타,안전운전불이행,포장 - 건조,맑음,교차로 - 교차로안,승용,남,40세,상해없음,보행자,여,74세,중상
7527,2020123000100154,2020년 12월 30일 11시,수요일,경상남도 양산시 북부동,경상사고,0,0,1,0,차대사람 - 횡단중,안전운전불이행,포장 - 건조,맑음,교차로 - 교차로안,승용,남,64세,상해없음,보행자,여,66세,경상
7528,2020123000100275,2020년 12월 30일 15시,수요일,경상남도 거제시 장평동,경상사고,0,0,1,0,차대사람 - 기타,안전운전불이행,포장 - 건조,맑음,단일로 - 기타,화물,남,43세,상해없음,보행자,남,40세,경상
7529,2020123000100467,2020년 12월 30일 20시,수요일,경상남도 진주시 동성동,경상사고,0,0,1,0,차대사람 - 횡단중,안전거리미확보,포장 - 건조,맑음,단일로 - 기타,승용,여,62세,상해없음,보행자,여,65세,경상
7530,2020123100100040,2020년 12월 31일 07시,목요일,경상남도 창원시 성산구 성산동,경상사고,0,0,2,0,차대사람 - 횡단중,보행자보호의무위반,포장 - 건조,맑음,교차로 - 교차로횡단보도내,승용,남,47세,상해없음,보행자,여,55세,경상
7531,2020123100100100,2020년 12월 31일 10시,목요일,경상남도 창녕군 남지읍,중상사고,0,1,0,0,차대사람 - 기타,안전운전불이행,포장 - 건조,맑음,단일로 - 교량,화물,남,40세,상해없음,보행자,여,81세,중상
7532,2020123100100262,2020년 12월 31일 15시,목요일,경상남도 통영시 북신동,경상사고,0,0,1,0,차대사람 - 횡단중,안전운전불이행,포장 - 건조,맑음,단일로 - 기타,승용,남,70세,상해없음,보행자,여,78세,경상
7533,2020123100100266,2020년 12월 31일 15시,목요일,경상남도 양산시 평산동,중상사고,0,1,0,0,차대사람 - 횡단중,보행자보호의무위반,포장 - 건조,맑음,교차로 - 교차로안,승용,남,43세,상해없음,보행자,여,13세,중상
7534,2020123100100351,2020년 12월 31일 17시,목요일,경상남도 사천시 동금동,부상신고사고,0,0,0,1,차대사람 - 기타,안전운전불이행,포장 - 건조,맑음,기타 - 기타,승용,남,46세,상해없음,보행자,여,66세,부상신고
7535,2020123100100354,2020년 12월 31일 17시,목요일,경상남도 창원시 의창구 용호동,경상사고,0,0,1,0,차대사람 - 횡단중,보행자보호의무위반,포장 - 건조,맑음,교차로 - 교차로부근,승용,여,46세,상해없음,보행자,여,60세,경상
7536,2020123100100355,2020년 12월 31일 17시,목요일,경상남도 김해시 무계동,중상사고,0,1,1,0,차대사람 - 횡단중,신호위반,포장 - 건조,맑음,교차로 - 교차로안,이륜,남,42세,중상,보행자,여,67세,경상
7537,2020123100100416,2020년 12월 31일 18시,목요일,경상남도 창원시 진해구 충무동,경상사고,0,0,1,0,차대사람 - 차도통행중,안전운전불이행,포장 - 건조,맑음,단일로 - 기타,승용,여,56세,상해없음,보행자,남,54세,경상
7538,2020123100100423,2020년 12월 31일 18시,목요일,경상남도 하동군 적량면,경상사고,0,0,1,0,차대사람 - 길가장자리구역통행중,안전운전불이행,포장 - 건조,맑음,단일로 - 기타,승용,남,45세,상해없음,보행자,여,19세,경상
7539,2020123100100480,2020년 12월 31일 19시,목요일,경상남도 창원시 마산회원구 내서읍,중상사고,0,1,0,0,차대사람 - 횡단중,안전운전불이행,포장 - 건조,맑음,교차로 - 교차로부근,승용,남,45세,상해없음,보행자,남,49세,중상